id,user_id,task_type,description,related_link,date_from,date_to,status,priority,created_at,updated_at,created_by,assigned_by,start_time,end_time,duration_minutes
9401fa27-0c06-407c-a71c-29ddaa1afe68,14626a70-e06d-4406-bdff-0ca0271f27c0,Team Meeting,"Meeting with TL at 2 PM discussing the new platform for tracking our daily tasks",,2026-02-07,2026-02-07,done,2,2026-02-07 12:32:08.70292+00,2026-02-07 12:32:08.70292+00,,,,,,
8feacf84-e2a9-436e-aece-310ad9ac4315,14626a70-e06d-4406-bdff-0ca0271f27c0,Session Review,"Hadeel Yasser T-1197 Session Engagemenet Complaint ""The parent wants to complain because the instructor kept changing, which led to the student not understanding the last five sessions. The instructor changed four times, and the student wants the session repeated. 2-In session 12, a substitute teacher attended who was unfamiliar with the student's level. The session was limited to explaining the presentation and did not involve asking the student about his projects or what he had done. The student's mother informed the instructor of this, but she did not provide the instructor with any details about his level; she only attended the session to review the presentation."" S-26394 CS Case, lesson 10 was frozen and lesson 8 isn't valid as the student understood the material correctly and improved in terms of engagement",,2026-02-07,2026-02-07,done,3,2026-02-07 12:34:18.214775+00,2026-02-07 12:34:18.214775+00,,,,,,
2847cf37-6603-4414-923e-9d52874bc0ca,cea54012-b4d5-4643-8164-2e220e64ddf7,Check Flags,Test,,2026-02-07,2026-02-07,done,3,2026-02-07 11:09:52.901189+00,2026-02-08 09:35:48.539472+00,,,,,,
ca81202c-bafe-4ddc-a7b8-9e092a68aa98,52262890-c566-4bb3-b1b3-9ae52851f182,One-to-One Meeting,meeting with reem to handle material,,2026-02-07,2026-02-07,done,2,2026-02-07 12:36:43.98164+00,2026-02-07 12:36:43.98164+00,,,,,,
6c6bb8cc-26fb-400e-abf2-ab5ac8f6e085,8a51fd39-3c02-44e5-a178-2f3aafc2e3e5,Check Flags,Validating flag,,2026-02-07,2026-02-07,done,2,2026-02-07 12:28:51.167303+00,2026-02-07 20:29:04.223928+00,,,,,,
bf9f372f-d21c-40e8-9cdb-a3dd5431bd65,8a51fd39-3c02-44e5-a178-2f3aafc2e3e5,Team Meeting,new dashoard,,2026-02-07,2026-02-07,done,2,2026-02-07 12:41:19.131536+00,2026-02-07 12:41:19.131536+00,,,,,,
4eb8229a-8b53-46c2-8a32-9ec2909db87d,ebf46837-d9bd-46c5-ab0d-f264e608dd7a,Team Meeting,team leader meeting with the mentors,,2026-02-07,2026-02-07,done,3,2026-02-07 12:42:04.535449+00,2026-02-07 12:42:04.535449+00,,,,,,
00a73380-bb2b-48d3-b4bc-67c4dfc80c21,8f645bd2-3df6-4487-ae7b-7c49d8f1d253,Team Meeting,Test,..,2026-02-07,2026-02-07,archived,3,2026-02-07 12:13:48.121512+00,2026-02-07 12:50:21.708488+00,,,,,,
b312b94e-a0d5-4d0b-8d56-2cf9e15033d2,c949b116-b119-4255-90a4-37adbd685d03,Cover Session,3 pm slot,,2026-02-07,2026-02-07,done,2,2026-02-07 13:27:26.841723+00,2026-02-07 13:27:26.841723+00,,,,,,
9a87daec-6a72-415a-92f0-f55e48079cf3,8bbfaf3e-70d2-46f4-8748-47e04282553d,Cover Session,Covering 4 sessions,,2026-02-07,2026-02-07,done,2,2026-02-07 12:29:10.727153+00,2026-02-07 17:17:19.952138+00,,,,,,
41b61d8c-e96c-4c2d-bf46-6479ddda6d67,8f645bd2-3df6-4487-ae7b-7c49d8f1d253,Team Meeting,meet new teamleader and stablishing new webapp task tracker,,2026-02-07,2026-02-07,done,3,2026-02-07 12:51:26.837177+00,2026-02-07 12:51:26.837177+00,,,,,,
8b7ca530-281c-4466-bb07-e66d98821c91,e6e26ca5-3298-4aaa-9ea1-5d8db6956cbc,Study Plan,a,,,,done,2,2026-01-26 11:47:40.848815+00,2026-01-27 17:58:18.404022+00,,,,,,
fc063e6e-4d19-48c0-843f-cb42b9f93550,e6e26ca5-3298-4aaa-9ea1-5d8db6956cbc,Cover Session,a,,,,in_progress,4,2026-01-27 17:58:05.04828+00,2026-01-27 17:58:19.313969+00,,,,,,
2fc6bde2-0514-44c4-8649-17c11f5ddee0,e6e26ca5-3298-4aaa-9ea1-5d8db6956cbc,One-to-One Meeting,a,,,,archived,2,2026-01-27 12:52:20.638813+00,2026-01-28 17:14:48.746776+00,,,,,,
f57b4427-7c70-451d-9891-5af9745f86c0,c1402d6f-183f-4afe-af13-6319784141e9,Cover Session,cover session outside team,,2026-02-07,2026-02-07,archived,3,2026-02-07 12:53:17.894414+00,2026-02-07 12:54:37.716158+00,,,,,,
e2aa7b1c-d06a-4ac7-ade4-c447f9c068af,aee27be4-c0ae-46a4-a946-97ac2b9f3eb3,Study Plan,Add study plan,,2026-02-02,2026-02-03,done,3,2026-02-02 17:04:35.954729+00,2026-02-02 17:05:22.321912+00,cfc3cfb7-43d9-4975-b99d-8a95ddbbd208,cfc3cfb7-43d9-4975-b99d-8a95ddbbd208,,,
6aec6806-90d9-4a8a-bfed-e9529bea26fe,cfc3cfb7-43d9-4975-b99d-8a95ddbbd208,One-to-One Meeting,test,,2026-02-08,2026-02-09,todo,3,2026-02-07 11:01:55.85813+00,2026-02-07 11:01:55.85813+00,,,,,,
3ae4582e-2379-418b-b1af-b8d297af78bf,10dddfcd-487c-4fdf-b1df-19952e29a06a,Team Meeting,introduction to the new task tracker web app,,2026-02-07,2026-02-07,done,3,2026-02-07 12:10:51.512823+00,2026-02-07 12:10:51.512823+00,,,,,,
151c0146-3c7e-471e-8099-63b3e064e674,c1402d6f-183f-4afe-af13-6319784141e9,Cover Session,cover session outside team,,2026-02-07,2026-02-07,archived,3,2026-02-07 12:50:54.304216+00,2026-02-07 12:55:28.216778+00,,,,,,
03388792-83a5-4711-b57b-dbdcddd711f4,aee27be4-c0ae-46a4-a946-97ac2b9f3eb3,Team Meeting,test,,2026-02-03,2026-02-12,todo,2,2026-02-03 10:29:03.832733+00,2026-02-07 12:12:13.016762+00,,,,,,
6baf5cfd-0507-4ed1-81e4-066d6557309a,c1402d6f-183f-4afe-af13-6319784141e9,Cover Session,cover session outside team,,2026-02-07,2026-02-07,archived,3,2026-02-07 12:51:56.769336+00,2026-02-07 12:55:33.482209+00,,,,,,
9942a9ae-b641-4a6b-af78-dc54dda802e3,aee27be4-c0ae-46a4-a946-97ac2b9f3eb3,One-to-One Meeting,"دخلت ميتنج مع امل طه اتكلمنا في واحد اتنين تلاتة",,2026-02-07,2026-02-07,done,2,2026-02-07 12:11:19.135022+00,2026-02-07 12:12:25.423932+00,,,,,,
222726ce-04bd-4728-b361-6871097eaf75,c1402d6f-183f-4afe-af13-6319784141e9,Cover Session,cover session outside team,,2026-02-07,2026-02-07,archived,3,2026-02-07 12:52:46.351566+00,2026-02-07 12:55:34.839558+00,,,,,,
4cb58477-7ae1-45de-acd9-1fda76e84c2f,52262890-c566-4bb3-b1b3-9ae52851f182,Cover Session,full day,,2026-02-07,2026-02-07,done,2,2026-02-07 12:23:48.791578+00,2026-02-07 20:10:03.00705+00,,,,,,
057a43af-2174-4139-86f0-c97fba9791c8,11dd4b0c-9af0-4901-a65a-252d72623af0,Other,quick report about T-12835 resignation case,,2026-02-07,2026-02-07,done,3,2026-02-07 13:04:00.442316+00,2026-02-07 13:04:12.475254+00,,,,,,
3b5a7915-5952-420e-8328-dd66532b14c5,8f33f62c-b915-40ed-8129-d2b60864e017,Team Meeting,"Team 7 mentors meeting under supervision of our team leader.",,2026-02-07,2026-02-07,done,3,2026-02-07 13:08:20.393909+00,2026-02-07 13:08:20.393909+00,,,,,,
89edcb4f-2cdb-4d86-b438-7aea870973cc,5e79744b-61bd-4698-9823-bc234914d767,One-to-One Meeting,"meeting with Nadeem as every thing deleted from his laptop",,2026-02-07,2026-02-07,done,3,2026-02-07 13:26:55.939979+00,2026-02-07 13:26:55.939979+00,,,,,,
e6fff1d1-68b4-4864-8255-c95cb454ff12,5585b896-3ea3-4908-8346-cbe6e16a092e,Cover Session,"Slot 7:30 PM S-108344",,2026-02-07,2026-02-07,done,3,2026-02-07 14:08:55.701269+00,2026-02-07 17:56:40.760661+00,,,,,,
249f5346-6f63-487f-84d1-6603c78d25f8,cea54012-b4d5-4643-8164-2e220e64ddf7,Team Meeting,"Introducing the new Task Tracking system to the mentors",,2026-02-07,2026-02-07,done,3,2026-02-07 14:01:32.498401+00,2026-02-07 14:01:32.498401+00,,,,,,
848fbf5a-299e-42ac-88e7-f59a8f947bc0,5585b896-3ea3-4908-8346-cbe6e16a092e,Cover Session,"Slot 3:00 PM S-223178",,2026-02-07,2026-02-07,done,3,2026-02-07 12:48:05.405895+00,2026-02-07 14:03:53.223998+00,,,,,,
5d4d838f-9005-414e-ba03-e46b5c47a4c8,cea54012-b4d5-4643-8164-2e220e64ddf7,Other,checking leaves on the system,,2026-02-07,2026-02-07,done,2,2026-02-07 14:02:04.726557+00,2026-02-08 09:35:54.359166+00,,,,,,
476a026e-a391-4988-bee9-8e9614a22acd,cea54012-b4d5-4643-8164-2e220e64ddf7,Other,"TLs weekly Meeting at 12 PM",,2026-02-07,2026-02-07,done,3,2026-02-07 14:06:06.43004+00,2026-02-07 14:06:06.43004+00,,,,,,
56266115-af23-4242-9cbc-074dfee460bc,ebf46837-d9bd-46c5-ab0d-f264e608dd7a,Cover Session,cover session at 3pm,,2026-02-07,2026-02-07,done,3,2026-02-07 14:07:30.959025+00,2026-02-07 14:07:30.959025+00,,,,,,
92e79f66-c0d4-4f1d-8cf3-ae16e1e9207a,5585b896-3ea3-4908-8346-cbe6e16a092e,Other,"Mentor team meeting at 2:00 PM with Team Leader. Announcement of the new task tracker dashboard.",,2026-02-07,2026-02-07,done,3,2026-02-07 14:08:00.040249+00,2026-02-07 14:08:00.040249+00,,,,,,
de5e158b-597b-4548-8beb-92f4a4a86a58,8f645bd2-3df6-4487-ae7b-7c49d8f1d253,Cover Session,cover session slot 3,,2026-02-07,2026-02-07,done,4,2026-02-07 14:22:14.242477+00,2026-02-07 14:22:14.242477+00,,,,,,
cee88ef5-0008-4c57-99cd-93c771bc2e63,5f193202-62b8-4a1a-96c2-8599bfd076ca,Cover Session,Full Day sessions,,2026-02-07,2026-02-07,done,3,2026-02-07 13:37:10.50214+00,2026-02-07 18:35:57.343282+00,,,,,,
5b28b3cc-4c7b-4fcf-8877-9daa9c499536,5585b896-3ea3-4908-8346-cbe6e16a092e,Cover Session,"Slot 4:30 PM S-329303",,2026-02-07,2026-02-07,done,3,2026-02-07 14:03:45.687921+00,2026-02-07 15:35:01.95451+00,,,,,,
d5a2ff4e-41b9-4a29-9560-48269aed824c,c0fc68a4-1170-4f8a-80f5-4ce7300dd458,Cover Session,Covering 5 sessions,,2026-02-07,2026-02-07,done,2,2026-02-07 12:21:27.263664+00,2026-02-07 22:12:22.160025+00,,,,,,
ef92440c-a61b-43ab-bbfc-4f7f137fa220,79c89dfb-eb95-4439-9640-625fa3ac3571,Check Flags,"T-6235 T-12669",https://zoom.us/rec/share/igpbN6rOY3ReBDMCMT83DocTC0Ux7lLE1Z-1mF09f91pBmQfk8dfqoJL_8Xibm2V.QevTd-kN_2M6I0Kg/////https://zoom.us/rec/share/6ubQteeJ3PesdMCSywyHg2UQyhtV9gT711kUcJiWO1N9EqWCX3XMrC7g5S3OKgcA.CvIu5sj6c8XwwSgg,2026-02-07,2026-02-07,done,2,2026-02-07 14:10:51.465153+00,2026-02-07 18:42:39.582754+00,,,,,,
cedcd8e7-da6b-44bf-b73d-5dc23bbc589b,c1402d6f-183f-4afe-af13-6319784141e9,Cover Session,cover  5 sessions outside team,,2026-02-07,2026-02-07,done,3,2026-02-07 12:53:38.893356+00,2026-02-07 19:49:19.064909+00,,,,,,
59e99150-157d-46b8-ab20-23f8c668c37a,d7c33a8a-1c83-4cc3-a1b9-72787c40d165,Cover Session,5 sessions,,2026-02-07,2026-02-07,done,4,2026-02-07 12:13:09.742246+00,2026-02-07 22:34:28.977467+00,,,,,,
d3c244d1-7d83-43c4-86c8-4f1bf1d4eda0,cea54012-b4d5-4643-8164-2e220e64ddf7,Other,No show validation,,2026-02-07,2026-02-07,done,3,2026-02-07 14:02:22.295525+00,2026-02-08 09:35:52.514349+00,,,,,,
d3d9109d-807e-4f76-b3d7-f67c767fdaf6,cea54012-b4d5-4643-8164-2e220e64ddf7,Other,"CS Cases Checking (2 Cases)",,2026-02-07,2026-02-07,done,3,2026-02-07 14:03:31.446806+00,2026-02-08 16:41:56.721665+00,,,,,,
56077947-2217-4dbd-8168-4c70e001a811,8f645bd2-3df6-4487-ae7b-7c49d8f1d253,Other,"manegarial tasks : sheet",,2026-02-07,2026-02-07,done,2,2026-02-07 14:21:39.463293+00,2026-02-08 17:40:02.856031+00,,,,,,
e0dd20d3-76fb-4062-8293-ec215c75c8a0,0af709a7-115e-4c62-9863-c0c078daf370,Cover Session,Cover slot 3 from my team,,2026-02-07,2026-02-07,done,2,2026-02-07 12:23:06.25964+00,2026-02-08 18:14:53.909664+00,,,,,,
0b5eb210-3bc9-467c-9ed1-55c85cfba9c2,c3251261-cbc7-4bba-a6e8-17a947cf74ae,Cover Session,"4:30 session assigned at 4:30 to be covered",,2026-02-07,2026-02-07,done,4,2026-02-07 14:36:16.865601+00,2026-02-07 14:36:16.865601+00,,,,,,
3d37dd20-0a16-4e63-b463-743538ea074b,2037f361-3570-4946-9b8d-e7d24189b59e,Team Meeting,"with T.L nada and anan",,2026-02-07,2026-02-07,done,3,2026-02-07 14:36:33.614579+00,2026-02-07 14:36:33.614579+00,,,,,,
c310a718-b25d-4505-9d15-5fa2ccb7c907,2037f361-3570-4946-9b8d-e7d24189b59e,Other,"sending slides as their is an access problem",,2026-02-07,2026-02-07,done,4,2026-02-07 14:38:10.725144+00,2026-02-07 14:38:10.725144+00,,,,,,
a1818cfa-028d-4381-9887-198c2da4b6b7,11dd4b0c-9af0-4901-a65a-252d72623af0,Other,"Mentors & Team leader meeting",,2026-02-07,2026-02-07,done,4,2026-02-07 14:53:12.167801+00,2026-02-07 14:53:51.277141+00,,,,,,
fd86eb35-d621-432c-bdd1-691e078c3b60,8f645bd2-3df6-4487-ae7b-7c49d8f1d253,Check Flags,"checking flag and send edu comment",,2026-02-07,2026-02-07,done,3,2026-02-07 12:52:03.45759+00,2026-02-07 14:58:35.255661+00,,,,,,
dcf25a42-04fc-4ac8-b495-27c3f68a0d96,8f645bd2-3df6-4487-ae7b-7c49d8f1d253,Cover Session,urgent session to complete session instead of tutor,,2026-02-07,2026-02-07,done,2,2026-02-07 15:32:04.396031+00,2026-02-07 15:32:04.396031+00,,,,,,
573a6802-a83b-4a99-b0fb-32016ed33dc7,7649f3a3-7473-4896-90e5-8afa734828e8,Team Meeting,new task Management dashboard,,2026-02-07,2026-02-07,done,2,2026-02-07 15:40:35.948242+00,2026-02-07 15:40:35.948242+00,,,,,,
928783ba-11d3-417a-a742-700e66824c39,5e79744b-61bd-4698-9823-bc234914d767,Check Flags,"Ahmed Mohamed Abd Elfattah Mohamed flag",https://zoom.us/rec/share/KKE_Id6ccGtjWKVRLs-tpvRZxIGUJ0TiMvmnjzXP8u0ASHL2PGvjz4YGD8wtbygH.C28eHa9n9ahDrvEe,2026-02-07,2026-02-07,done,2,2026-02-07 14:08:47.157059+00,2026-02-07 16:00:05.862488+00,,,,,,
e5944cad-5d02-4fb3-b4be-fe958d97f3fb,ebf46837-d9bd-46c5-ab0d-f264e608dd7a,Other,"cs case: i reviewed a session and made a report Session Engagemenet Complaint Way of Explaination ""The parent wants to complain because the instructor kept changing, which led to the student not understanding the last five sessions. The instructor changed four times, and the student wants the session repeated.",https://zoom.us/rec/share/ZaoL4l4edf-IK1RfNwb0osNO_-QY4KrrmlV2TNN0YeaCKHlpMxQK6ZARLWdyXu1K.kqysR52SQ49KWI82  Passcode: 7!rs6qYy,2026-02-07,2026-02-07,done,4,2026-02-07 16:27:39.055324+00,2026-02-07 16:27:39.055324+00,,,,,,
135e277c-2592-4fc1-a3e4-bf0eb1502f57,316e69c6-4baa-49c3-aec7-eef97b2756ee,Cover Session,Session assigned by moderator,,2026-02-07,2026-02-07,done,3,2026-02-07 16:33:14.223414+00,2026-02-07 16:33:14.223414+00,,,,,,
13c6a432-e01d-432b-95e4-9c273460cc53,316e69c6-4baa-49c3-aec7-eef97b2756ee,Other,Update KPIs for Jan Month,,2026-02-07,2026-02-07,done,3,2026-02-07 16:34:03.382422+00,2026-02-07 16:34:03.382422+00,,,,,,
7abf54e1-0b97-431b-aeda-8b75eb7933f4,5585b896-3ea3-4908-8346-cbe6e16a092e,Session Review,"Mohamed Ashraf Elsayed MahmoudT-12228 Session Engagemenet Complaint Student Didn't understand the session The student told his mother that the teacher’s voice was low and unclear. Please review the session, and if there was any issue, we can do a recap or repeat the session again.S-218649L1: Hello UI\UX World M3: UI / UX -",https://zoom.us/rec/share/EloQ_Qhy2AiF5_Tt5-9BYbPhQqJC4Z37hc-w-bPje73CoZCXaP76x-ayNzLSI95_.LDkxTHquSMvdDYZF,2026-02-07,2026-02-07,done,3,2026-02-07 15:37:03.51238+00,2026-02-07 16:48:18.005106+00,,,,,,
1038686d-aeff-4a44-9958-63ad06045e4d,316e69c6-4baa-49c3-aec7-eef97b2756ee,Check Flags,Check flag for tutor Zainab,,2026-02-07,2026-02-07,done,3,2026-02-07 17:02:02.256125+00,2026-02-07 17:02:02.256125+00,,,,,,
7b1733ee-b705-468e-9ef2-07110c6fc37e,45620717-bd9b-45ba-8265-b85af82e7796,Team Meeting,"meeting with eng.Nada and eng.Anan",,2026-02-07,2026-02-07,done,2,2026-02-07 17:05:24.906335+00,2026-02-07 17:05:24.906335+00,,,,,,
eb268b8c-a0fa-4556-a846-01596739aae7,45620717-bd9b-45ba-8265-b85af82e7796,Other,checking the team tracking sheet,,2026-02-07,2026-02-07,done,2,2026-02-07 17:06:16.755063+00,2026-02-07 17:06:16.755063+00,,,,,,
783fc614-feac-4812-b879-8423e62a1d1c,11dd4b0c-9af0-4901-a65a-252d72623af0,Cover Session,"S-32835 Cover session at 6",,2026-02-07,2026-02-07,done,3,2026-02-07 14:54:59.714788+00,2026-02-07 17:12:59.021605+00,,,,,,
45ba109a-a3d1-4963-81ea-96c1eff86518,10dddfcd-487c-4fdf-b1df-19952e29a06a,Session Review,parent complaint verification,,2026-02-07,2026-02-07,done,3,2026-02-07 17:13:14.205474+00,2026-02-07 17:13:14.205474+00,,,,,,
1c610980-4279-4e3b-a022-e2599e9cbde0,10dddfcd-487c-4fdf-b1df-19952e29a06a,Cover Session,3 sessions,,2026-02-07,2026-02-07,done,2,2026-02-07 15:16:33.319101+00,2026-02-10 19:26:17.754061+00,,,,,,
60026a2a-db8c-4e8d-bac6-96bc78f88c02,c1402d6f-183f-4afe-af13-6319784141e9,Other,"Creating calendly meeting for Feb evaluation meetings with tutors",,2026-02-07,2026-02-07,done,4,2026-02-07 17:31:40.588213+00,2026-02-07 17:31:58.30726+00,,,,,,
26f47999-1061-481e-a5b6-7e8e77a3afb9,5e79744b-61bd-4698-9823-bc234914d767,Other,Jan KPIs,,2026-02-07,2026-02-07,done,3,2026-02-07 17:50:55.374358+00,2026-02-07 18:05:43.040517+00,,,,,,
49392537-8b93-4560-81ef-ccff6d10106d,316e69c6-4baa-49c3-aec7-eef97b2756ee,Study Plan,Check Study Plan for my team tutors,,2026-02-07,2026-02-07,done,3,2026-02-07 18:57:55.209022+00,2026-02-07 19:30:44.912095+00,,,,,,
e756875a-f5b0-40b7-921c-8967d1a64df9,59892d43-6f2f-46c8-b9d9-308764bc9778,Team Meeting,"meeting with Team Leader Ahmed Hisham discussing the task tracker new App",,2026-02-07,2026-02-07,done,2,2026-02-07 18:50:34.49541+00,2026-02-07 18:50:34.49541+00,,,,,,
ca52f1b2-c819-4d5f-b08d-c531d618b550,59892d43-6f2f-46c8-b9d9-308764bc9778,Other,Preparing reminder messages,,2026-02-07,2026-02-07,done,3,2026-02-07 18:51:16.148613+00,2026-02-07 18:51:16.148613+00,,,,,,
4c4f77c9-e86d-4e41-a2c8-38f3b669091c,8f33f62c-b915-40ed-8129-d2b60864e017,Cover Session,"i was informed with this cover session after it started(within the same time slot)",,2026-02-07,2026-02-07,done,4,2026-02-07 18:59:52.707902+00,2026-02-07 18:59:52.707902+00,,,,,,
048c7826-d711-429a-ad3e-b773e2af75fe,5e79744b-61bd-4698-9823-bc234914d767,Cover Session,Cover session,,2026-02-07,2026-02-07,done,4,2026-02-07 19:07:18.67726+00,2026-02-07 19:07:18.67726+00,,,,,,
334a7f58-0bcc-4c56-a69f-577ab88f4654,5e79744b-61bd-4698-9823-bc234914d767,Cover Session,Cover session,,2026-02-07,2026-02-07,done,4,2026-02-07 19:07:33.742639+00,2026-02-07 19:07:33.742639+00,,,,,,
ba58c994-f9a1-48ce-9227-472da1ed995e,11dd4b0c-9af0-4901-a65a-252d72623af0,Cover Session,S-221940 Urgent cover session at 730,,2026-02-07,2026-02-07,done,4,2026-02-07 17:47:51.545239+00,2026-02-07 19:37:05.140151+00,,,,,,
b389db12-45b8-4b5c-b26b-218f0aa602dd,316e69c6-4baa-49c3-aec7-eef97b2756ee,Cover Session,"Bashar Firas Qabbesh S-6406 - Grade 11 - 12",,2026-01-06,2026-01-06,archived,3,2026-02-07 19:20:26.359231+00,2026-02-07 19:30:34.859241+00,,,,,,
a8283abe-bbc2-4c93-8c12-38d390d67ece,316e69c6-4baa-49c3-aec7-eef97b2756ee,Cover Session,"Anas Mohamed Mostafa S-29710 - Grade 3 - 4",,2026-01-09,2026-01-09,archived,3,2026-02-07 19:22:43.394523+00,2026-02-07 19:30:31.328753+00,,,,,,
84d65213-66c5-4ba4-973d-f7cddd6f7b0b,316e69c6-4baa-49c3-aec7-eef97b2756ee,Cover Session,"Abdelrahman Ahmed Hussein S-C2847 - Grade 11 - 12",,2026-01-06,2026-01-06,archived,3,2026-02-07 19:22:10.154182+00,2026-02-07 19:30:32.502592+00,,,,,,
f1ae7f94-e6a2-4b90-a89d-1be14f9a059a,316e69c6-4baa-49c3-aec7-eef97b2756ee,Cover Session,"Aleine ahmed abdelsalam S-87857 - Grade 7 - 8",,2026-01-06,2026-01-06,archived,3,2026-02-07 19:21:38.589393+00,2026-02-07 19:30:33.238188+00,,,,,,
54889745-3f7c-4897-90f0-062b467b84b7,316e69c6-4baa-49c3-aec7-eef97b2756ee,Cover Session,"Wafaa Allam S-32429 - Grade 9 - 10",,2026-01-06,2026-01-06,archived,3,2026-02-07 19:20:47.15984+00,2026-02-07 19:30:33.782141+00,,,,,,
4ad0b00d-6e00-4316-a180-260f6b5089c7,316e69c6-4baa-49c3-aec7-eef97b2756ee,Cover Session,"Omar Maged Mohamad S-85922 - Grade 3 - 4",,2026-01-04,2026-01-04,archived,3,2026-02-07 19:19:52.383434+00,2026-02-07 19:30:35.246268+00,,,,,,
32ab15fc-1205-4fcf-9dcc-0907a40bc292,316e69c6-4baa-49c3-aec7-eef97b2756ee,Cover Session,"Seilin Kahlous S-D4678 - Grade 7 - 8",,2026-01-04,2026-01-04,archived,4,2026-02-07 19:19:21.97243+00,2026-02-07 19:30:35.702626+00,,,,,,
51cff81a-0787-46c3-8aea-b9a3cf39398b,316e69c6-4baa-49c3-aec7-eef97b2756ee,Other,Check community for tutor replies,,2026-02-07,2026-02-07,done,2,2026-02-07 18:09:05.029277+00,2026-02-07 19:30:49.432693+00,,,,,,
0f01ee28-51fe-420b-908a-d91d564e15c5,5585b896-3ea3-4908-8346-cbe6e16a092e,Cover Session,"Slot 9:00 PM S-336619",,2026-02-07,2026-02-07,done,3,2026-02-07 15:35:57.145688+00,2026-02-07 20:04:19.61356+00,,,,,,
7959b8d2-7e2b-48ae-917d-8552c5bf9356,11dd4b0c-9af0-4901-a65a-252d72623af0,Other,"Supporting the tutors with the needed material and inquiries.",,2026-02-07,2026-02-07,done,4,2026-02-07 17:14:45.62598+00,2026-02-08 03:31:40.148541+00,,,,,,
d84159bc-8e9e-4b52-ba35-9bd2f19c16f1,59892d43-6f2f-46c8-b9d9-308764bc9778,Cover Session,covering the 5 sessions,,2026-02-07,2026-02-07,done,3,2026-02-07 18:48:10.051489+00,2026-02-07 20:12:04.452547+00,,,,,,
a5d4d61f-d8b2-4299-bd1a-2b4b8dbbe26b,ebf46837-d9bd-46c5-ab0d-f264e608dd7a,Other,"working on a training for the flow of the session to remind my team with the structure of the session",,2026-02-06,2026-02-10,in_progress,2,2026-02-07 16:28:54.767384+00,2026-02-07 20:12:22.77634+00,,,,,,
7663a82e-d075-413e-8fd4-0d71d9e09a25,8f645bd2-3df6-4487-ae7b-7c49d8f1d253,Cover Session,session slot 6,,2026-02-07,2026-02-07,done,2,2026-02-07 14:22:43.00598+00,2026-02-08 13:27:08.627663+00,,,,,,
a33fbe5d-bdcd-43b0-9c0a-0d9ce6ef666f,45620717-bd9b-45ba-8265-b85af82e7796,Other,Support Mentor Mohamed in creating a post to celebrate one of his tutors.,https://www.canva.com/design/DAHApxHecmE/Mct82vS76urm_Ox1H4GQkQ/edit,2026-02-07,2026-02-07,done,2,2026-02-07 17:14:48.360854+00,2026-02-08 16:32:36.133078+00,,,,,,
51784e54-561c-4598-bf61-4ed3bce84783,45620717-bd9b-45ba-8265-b85af82e7796,Other,"Editing the feedback for one of my team members",,2026-02-07,2026-02-07,done,2,2026-02-07 17:18:24.822133+00,2026-02-08 16:32:43.683721+00,,,,,,
253d1464-fe51-4686-98f5-db4d739a3894,316e69c6-4baa-49c3-aec7-eef97b2756ee,Cover Session,"Sajed Ayman Khalf Ahmed S-238179 - Grade 3 - 4",,2026-01-25,2026-01-25,archived,3,2026-02-07 19:27:30.475813+00,2026-02-07 19:30:24.009818+00,,,,,,
9f318787-2328-4c6b-9fe2-9fc3e69f47e5,316e69c6-4baa-49c3-aec7-eef97b2756ee,Cover Session,"Hamza Ahmed Zaki S-136770 - Grade 3 - 4",,2026-01-24,2026-01-24,archived,3,2026-02-07 19:26:47.766809+00,2026-02-07 19:30:26.305842+00,,,,,,
ba67595b-02ff-452f-bd9a-55f2657a1685,316e69c6-4baa-49c3-aec7-eef97b2756ee,Cover Session,"Mohamed Abdallah Mohamed SalahElDein S-21777 - Grade 5 - 6",,2026-01-24,2026-01-24,archived,3,2026-02-07 19:25:42.043033+00,2026-02-07 19:30:27.538731+00,,,,,,
9f19d69a-af39-40a8-a7bc-4b9dccd8505d,316e69c6-4baa-49c3-aec7-eef97b2756ee,Cover Session,"Asyeah Ahmed S-32631 - Grade 7 - 8",,2026-01-17,2026-01-17,archived,3,2026-02-07 19:23:50.342835+00,2026-02-07 19:30:30.195655+00,,,,,,
ea20166b-1307-4294-aa17-582f2411cb68,316e69c6-4baa-49c3-aec7-eef97b2756ee,Cover Session,"Omar Maged Mohamad S-85922 - Grade 3 - 4",,2026-01-25,2026-01-25,archived,3,2026-02-07 19:27:11.718405+00,2026-02-07 19:30:25.647833+00,,,,,,
a4a64998-cc0d-4b45-b8ac-af6b77016841,316e69c6-4baa-49c3-aec7-eef97b2756ee,Cover Session,"Selim Ali Mahmoud S-D2743 - Grade 7 - 8",,2026-01-17,2026-01-17,archived,3,2026-02-07 19:24:36.408328+00,2026-02-07 19:30:29.770327+00,,,,,,
9071c58a-284e-4c2a-98df-1f3277e534ef,316e69c6-4baa-49c3-aec7-eef97b2756ee,Cover Session,"Adam Ibrahim Abbas S-346059 - Grade 9 - 10",,2026-01-24,2026-01-24,archived,3,2026-02-07 19:26:18.744436+00,2026-02-07 19:30:26.926109+00,,,,,,
af13314f-7348-4d91-b429-4b8f0df55048,316e69c6-4baa-49c3-aec7-eef97b2756ee,Cover Session,"Hana Badr Hassan S-106583 - Grade 3 - 4",,2026-01-24,2026-01-24,archived,3,2026-02-07 19:25:00.066378+00,2026-02-07 19:30:28.232551+00,,,,,,
582744c7-2b64-4a2c-9f59-f16834601013,316e69c6-4baa-49c3-aec7-eef97b2756ee,Cover Session,"Omar Maged Mohamad S-85922 - Grade 3 - 4",,2026-01-11,2026-01-11,archived,3,2026-02-07 19:23:08.207756+00,2026-02-07 19:30:30.748285+00,,,,,,
6ebf6ca6-c3de-4904-ac55-3ffb83a20287,14626a70-e06d-4406-bdff-0ca0271f27c0,Cover Session,Covered 3 Sessions,,2026-02-07,2026-02-07,done,2,2026-02-07 19:47:00.472477+00,2026-02-07 19:47:00.472477+00,,,,,,
20c073ea-c3ce-4c80-a7eb-c9f30b5358a2,14626a70-e06d-4406-bdff-0ca0271f27c0,Other,"Supported tutors and team members with their inquiries and needed material",,2026-02-07,2026-02-07,done,1,2026-02-07 19:47:52.750408+00,2026-02-07 19:47:52.750408+00,,,,,,
2ae5adc6-4d22-4c69-ab2f-68fd757cf9ab,c1402d6f-183f-4afe-af13-6319784141e9,Study Plan,Follow up study plan,,2026-02-07,2026-02-07,done,2,2026-02-07 19:51:46.463688+00,2026-02-07 19:56:32.137969+00,,,,,,
0d412471-1bc7-4e00-b744-695c821db667,8bbfaf3e-70d2-46f4-8748-47e04282553d,Study Plan,"Sending study plan to: T-9300 Ahmed Kamel T-2168 Norhan Ebead",,2026-02-07,2026-02-07,done,2,2026-02-07 19:56:32.702883+00,2026-02-07 19:56:32.702883+00,,,,,,
edead4b5-7acb-4fb8-8103-c741230ef300,8bbfaf3e-70d2-46f4-8748-47e04282553d,Other,Sending calendly link,,2026-02-07,2026-02-07,done,2,2026-02-07 19:57:01.008365+00,2026-02-07 19:57:01.008365+00,,,,,,
175b7242-4f0f-4ace-9692-b270e2484116,ebf46837-d9bd-46c5-ab0d-f264e608dd7a,Cover Session,cover session at 7:30,,2026-02-07,2026-02-07,done,3,2026-02-07 20:10:44.492499+00,2026-02-07 20:10:44.492499+00,,,,,,
ace30438-d9ad-4d1e-afc7-dd9f2264eb57,52262890-c566-4bb3-b1b3-9ae52851f182,Other,"send session material to rawan hussien",,2026-02-07,2026-02-07,done,2,2026-02-07 20:10:50.80064+00,2026-02-07 20:10:50.80064+00,,,,,,
c1309cd1-8304-4125-9d95-d119e166a2a8,ebf46837-d9bd-46c5-ab0d-f264e608dd7a,Cover Session,cover session at 9:00,,2026-02-07,2026-02-07,done,3,2026-02-07 20:11:02.680016+00,2026-02-07 20:11:02.680016+00,,,,,,
dbd8809f-37fe-45d7-abd2-843e35361500,52262890-c566-4bb3-b1b3-9ae52851f182,Other,"announce about support material sheet in team 4",,2026-02-07,2026-02-07,done,2,2026-02-07 20:11:53.430244+00,2026-02-07 20:11:53.430244+00,,,,,,
f853bfc2-3ab4-40eb-8ec4-9bc96aba3508,59892d43-6f2f-46c8-b9d9-308764bc9778,Other,send calendly link to my team to let them book an evaluation meeting,https://calendly.com/rewanramadanharoon321/january-evaluation-meetings,2026-02-07,2026-02-07,done,3,2026-02-07 20:11:55.017255+00,2026-02-07 20:11:55.017255+00,,,,,,
e3f7a1db-ad11-4090-81f8-4be8aa0b19ba,52262890-c566-4bb3-b1b3-9ae52851f182,Other,"call jaklin to enter the session & assist her to solve zoom problem & report to moderation",,2026-02-07,2026-02-07,done,2,2026-02-07 20:13:27.397761+00,2026-02-07 20:13:27.397761+00,,,,,,
523664a7-15eb-4309-b1cf-72570bc1cf18,59892d43-6f2f-46c8-b9d9-308764bc9778,Session Review,"Reviewing a session for Aya Al-Mahrouk for validating a student case",,2026-02-01,2026-02-01,done,2,2026-02-07 20:14:37.61367+00,2026-02-07 20:14:37.61367+00,,,,,,
ce63b9d6-fd17-479f-a975-e4c601c27fca,52262890-c566-4bb3-b1b3-9ae52851f182,Other,"guide ahmed about how to handle the session S-219854",,2026-02-07,2026-02-07,done,2,2026-02-07 20:15:02.192459+00,2026-02-07 20:15:02.192459+00,,,,,,
b88f2381-b2b2-4a66-b441-6fc0f80311b4,59892d43-6f2f-46c8-b9d9-308764bc9778,Other,"S-28558 assign the student case as he suffers from a technical issue that affects him during the session and make him unable to control his device",,2026-02-01,2026-02-01,done,3,2026-02-07 20:16:11.683963+00,2026-02-07 20:16:11.683963+00,,,,,,
cc4f7920-1bdf-479f-8306-340aa3abdf5c,59892d43-6f2f-46c8-b9d9-308764bc9778,Cover Session,1 session,,2026-02-01,2026-02-01,done,3,2026-02-07 20:16:41.907369+00,2026-02-07 20:16:41.907369+00,,,,,,
dfb11950-6eef-4242-b671-e11c6424f791,59892d43-6f2f-46c8-b9d9-308764bc9778,Other,"counting number of meetings per each mentor in our Team 4 in January",,2026-02-01,2026-02-01,done,3,2026-02-07 20:17:35.473035+00,2026-02-07 20:17:35.473035+00,,,,,,
74075789-51e5-42ec-8567-b4e325bec6ca,59892d43-6f2f-46c8-b9d9-308764bc9778,Cover Session,2 sessions,,2026-02-02,2026-02-02,done,3,2026-02-07 20:18:15.1077+00,2026-02-07 20:18:15.1077+00,,,,,,
2ee38a6f-cb8f-4476-b8a4-d363065f0850,59892d43-6f2f-46c8-b9d9-308764bc9778,Other,prepare  reminder message,,2026-02-02,2026-02-02,done,3,2026-02-07 20:18:50.649157+00,2026-02-07 20:18:50.649157+00,,,,,,
e235387d-6222-41c8-b5cd-7abd231f3883,59892d43-6f2f-46c8-b9d9-308764bc9778,Other,"Editing student feedback for Nada Essam",,2026-02-02,2026-02-02,done,3,2026-02-07 20:19:22.451895+00,2026-02-07 20:19:22.451895+00,,,,,,
e5398c89-090c-4c6d-a1f4-356449e60963,52262890-c566-4bb3-b1b3-9ae52851f182,Other,"edit feedback S-D2415 to nada",,2026-02-07,2026-02-07,done,2,2026-02-07 20:22:24.581392+00,2026-02-07 20:22:24.581392+00,,,,,,
1c713a48-a069-4fb7-a624-811bac217359,ad80a2c7-9970-4a96-bd28-c781bc81d03f,Cover Session,Session 9 pm,,2026-02-07,2026-02-07,done,3,2026-02-07 20:24:19.744384+00,2026-02-07 20:24:19.744384+00,,,,,,
9e544ee2-db3a-4864-a087-08d62f5ae6d5,97d1ff5c-bd83-4687-8276-fa161cefaba0,Cover Session,Cover 5 sessions,,2026-02-07,2026-02-07,done,2,2026-02-08 11:49:20.664486+00,2026-02-08 11:49:20.664486+00,,,,,,
01a6cbc8-fd92-4e5f-b3fd-9e605d776b7c,ad80a2c7-9970-4a96-bd28-c781bc81d03f,Team Meeting,Meeting with new team leader at 2 pm,,2026-02-07,2026-02-07,done,3,2026-02-07 20:27:28.688747+00,2026-02-07 20:27:28.688747+00,,,,,,
17bcf0a7-1ac3-4003-af62-63843d3ff0c8,ad80a2c7-9970-4a96-bd28-c781bc81d03f,Check Flags,Check community flag at 2:30 pm,,2026-02-07,2026-02-07,done,3,2026-02-07 20:25:42.623573+00,2026-02-07 20:27:40.844678+00,,,,,,
cb314efe-f016-4dc4-85ca-9f51ae6b95a8,ad80a2c7-9970-4a96-bd28-c781bc81d03f,Cover Session,Cover session at 3 pm,,2026-02-07,2026-02-07,done,4,2026-02-07 20:22:10.514909+00,2026-02-07 20:27:49.57415+00,,,,,,
020b7662-41c3-4d02-abb2-8eab2fbe33b7,2037f361-3570-4946-9b8d-e7d24189b59e,Cover Session,full day,,2026-02-07,2026-02-07,done,3,2026-02-08 00:39:59.513775+00,2026-02-08 00:39:59.513775+00,,,,,,
4a5cb8d8-b4e4-4622-bb69-33cf5d08fcd2,2037f361-3570-4946-9b8d-e7d24189b59e,Session Review,"review cs cases for T-7322 and T-3633",,2026-02-08,2026-02-08,done,1,2026-02-08 00:41:31.612535+00,2026-02-08 00:41:31.612535+00,,,,,,
d84e5f68-a2e5-4563-ab3f-8086d8059b27,11dd4b0c-9af0-4901-a65a-252d72623af0,Cover Session,"S-329391 Cover session at 9",,2026-02-07,2026-02-07,done,3,2026-02-07 19:36:44.071713+00,2026-02-08 03:31:32.798086+00,,,,,,
e2c4f649-0efc-4f43-9aeb-e8fff204d566,c0fc68a4-1170-4f8a-80f5-4ce7300dd458,One-to-One Meeting,"Help Abdelrohman to install Unity and advise him to send to the student who had trouble during installation",,2026-02-08,2026-02-10,done,2,2026-02-07 22:18:59.507962+00,2026-02-09 14:58:42.667256+00,,,,,,
f238ef4a-b05a-4fe5-a37c-70f8a09ce49c,5585b896-3ea3-4908-8346-cbe6e16a092e,Cover Session,"Slot 9:00 PM S-356979",,2026-02-08,2026-02-08,done,3,2026-02-08 11:55:58.929703+00,2026-02-08 20:15:06.382771+00,,,,,,
88620695-e176-4dbb-8041-b5234162066e,8bbfaf3e-70d2-46f4-8748-47e04282553d,Other,Sending quality comments,,2026-02-08,2026-02-08,done,2,2026-02-08 12:27:45.00109+00,2026-02-08 12:27:45.00109+00,,,,,,
c029df1a-ee78-4648-ac21-275658af5c7f,5585b896-3ea3-4908-8346-cbe6e16a092e,One-to-One Meeting,"Technical issue in flutlab with tutor T-12233. took half an hour.",,2026-02-08,2026-02-08,done,4,2026-02-08 12:35:07.952702+00,2026-02-08 12:35:07.952702+00,,,,,,
fb7919fe-8bb5-464a-9b6b-a7f39838b432,5585b896-3ea3-4908-8346-cbe6e16a092e,Other,Slack shift,,2026-02-08,2026-02-08,done,2,2026-02-08 11:55:18.043339+00,2026-02-08 12:58:46.284439+00,,,,,,
e6cd0bc1-f0e0-4c69-8f96-655bfc9c8382,c1402d6f-183f-4afe-af13-6319784141e9,One-to-One Meeting,"meeting with Marwa Mohammed to prepare Feb challenge",,2026-02-08,2026-02-08,done,3,2026-02-07 19:57:35.815279+00,2026-02-08 12:56:44.595904+00,,,,,,
7582f131-a628-471f-9072-94a5c91fe1c8,8bbfaf3e-70d2-46f4-8748-47e04282553d,Cover Session,Covering 3 Session,,2026-02-08,2026-02-08,done,2,2026-02-08 12:21:09.378268+00,2026-02-08 18:40:38.877411+00,,,,,,
db9acab6-734b-47fa-9d92-89cfe6704adc,c0fc68a4-1170-4f8a-80f5-4ce7300dd458,One-to-One Meeting,Evaluation meeting with Alaa Nabil at 2:00 pm,,2026-02-08,2026-02-08,done,2,2026-02-07 22:13:50.953191+00,2026-02-08 14:14:36.341221+00,,,,,,
8c53a544-1faa-4192-a6d9-7366d90a018a,c0fc68a4-1170-4f8a-80f5-4ce7300dd458,Other,"Check team 04 flags sheet and send to my teammate",,2026-02-08,2026-02-08,done,2,2026-02-07 22:15:03.926022+00,2026-02-08 14:29:40.997902+00,,,,,,
b5660341-e6be-4ad9-9270-bd92ac3b52ac,cea54012-b4d5-4643-8164-2e220e64ddf7,Other,First Meeting with the new batch at 2:00 PM,,2026-02-08,2026-02-08,done,3,2026-02-08 09:37:04.416424+00,2026-02-08 14:54:09.752158+00,,,,,,
a3c59ae8-c658-4017-be62-e2369c4dbc7a,cea54012-b4d5-4643-8164-2e220e64ddf7,Other,Leaves on system,,2026-02-08,2026-02-08,done,3,2026-02-08 09:37:25.003212+00,2026-02-08 16:42:41.725736+00,,,,,,
a12d3b71-ae65-4262-b202-ec29cf2e89ef,8bbfaf3e-70d2-46f4-8748-47e04282553d,One-to-One Meeting,Evaluation meeting for Jan report with Asmaa Ahmed,,2026-02-08,2026-02-08,done,2,2026-02-08 11:03:51.464066+00,2026-02-08 22:46:53.92076+00,,,,,,
459bc85e-2e80-4e68-829b-be6604524c37,c0fc68a4-1170-4f8a-80f5-4ce7300dd458,Check Flags,Check Eman flag,,2026-02-08,2026-02-08,done,2,2026-02-07 22:14:27.682753+00,2026-02-09 15:48:03.315776+00,,,,,,
d45a5c0b-0544-4ca5-a591-680ba7b77acc,cea54012-b4d5-4643-8164-2e220e64ddf7,Other,No-show Validation,,2026-02-08,2026-02-08,done,3,2026-02-08 09:37:44.859179+00,2026-02-10 11:35:20.41213+00,,,,,,
593e9fd9-844c-4b55-ade5-2d59d4607a01,cea54012-b4d5-4643-8164-2e220e64ddf7,One-to-One Meeting,"Meeting with 1 of the mentors to discuss his role and responsibilities the choowen mentor will be according to the availability of the mentors",,2026-02-08,2026-02-08,done,2,2026-02-08 09:40:51.889277+00,2026-02-13 16:43:32.842516+00,,,,,,
30791d91-d448-4b6c-befa-f12188cb6425,cea54012-b4d5-4643-8164-2e220e64ddf7,Other,handling the team sheet,,2026-02-08,2026-02-15,todo,2,2026-02-08 09:38:56.966152+00,2026-02-13 16:58:10.235264+00,,,,,,
ee787f11-e50e-475e-bff6-e51636c65902,c3251261-cbc7-4bba-a6e8-17a947cf74ae,Study Plan,preparing March study plan,,2026-02-08,2026-02-19,done,2,2026-02-08 11:10:09.944869+00,2026-02-13 17:55:04.148874+00,,,,,,
024d4bba-11f1-4ce2-b787-20e8f27fd503,c3251261-cbc7-4bba-a6e8-17a947cf74ae,Check Flags,Reem's Flag,,2026-02-08,2026-02-19,archived,2,2026-02-08 11:11:45.098527+00,2026-02-13 20:05:56.769327+00,,,,,,
c28f5609-2023-4efe-bfdc-b7de60b88531,316e69c6-4baa-49c3-aec7-eef97b2756ee,Team Meeting,HR Meeting,,2026-02-08,2026-02-08,done,2,2026-02-08 12:47:17.191113+00,2026-02-08 12:47:17.191113+00,,,,,,
59a206c0-9015-4535-8363-600513aca9e2,c1402d6f-183f-4afe-af13-6319784141e9,One-to-One Meeting,suport meeting with Viola,https://zoom.us/j/95640334374,2026-02-08,2026-02-08,done,4,2026-02-08 12:54:47.973258+00,2026-02-08 12:54:47.973258+00,,,,,,
60a8bffc-b5ae-470e-9b56-a7d341eb4f87,c1402d6f-183f-4afe-af13-6319784141e9,One-to-One Meeting,"meeting with marwa mohammed working on feb challenge & discussed some quality comments",https://zoom.us/j/98288007489,2026-02-08,2026-02-08,archived,3,2026-02-08 12:56:16.104132+00,2026-02-08 12:56:42.236733+00,,,,,,
6883de9a-80fb-482f-bcd5-035e7d42ff4f,2037f361-3570-4946-9b8d-e7d24189b59e,Team Meeting,hr meeting,,2026-02-08,2026-02-08,done,1,2026-02-08 13:19:39.612196+00,2026-02-08 13:19:39.612196+00,,,,,,
fccb4e6c-2f40-451a-845f-9e2d9c2a6d20,2037f361-3570-4946-9b8d-e7d24189b59e,Session Review,cs ticket for T-1858,,2026-02-08,2026-02-08,done,2,2026-02-08 13:20:40.79809+00,2026-02-08 13:20:40.79809+00,,,,,,
def5c77b-3e5e-42cd-9121-4bdc5c31d85b,2037f361-3570-4946-9b8d-e7d24189b59e,Check Flags,community flag for T-4620,,2026-02-08,2026-02-08,done,2,2026-02-08 13:22:13.448236+00,2026-02-08 13:22:13.448236+00,,,,,,
1147fe57-d749-49f8-89fe-cc6000be4da0,8f645bd2-3df6-4487-ae7b-7c49d8f1d253,Other,HR meeting,,2026-02-08,2026-02-08,done,2,2026-02-08 13:31:00.136801+00,2026-02-08 13:31:00.136801+00,,,,,,
525f2928-995e-408b-bdd3-991daa088ab0,8f645bd2-3df6-4487-ae7b-7c49d8f1d253,Other,Assist Menna in salary case,,2026-02-08,2026-02-08,done,3,2026-02-08 13:32:51.370345+00,2026-02-08 13:32:51.370345+00,,,,,,
0be77861-cea1-478c-8347-cff02b7407b3,8f33f62c-b915-40ed-8129-d2b60864e017,Other,"Language barrier case: Tutor needs to raise a language barrier case, I am watching the session record to check whether to validate or not.",,2026-02-08,2026-02-08,done,2,2026-02-08 12:35:56.375289+00,2026-02-08 13:36:39.26116+00,,,,,,
88ce78bd-7bd2-435f-9582-2d4ca9cc35b3,c1402d6f-183f-4afe-af13-6319784141e9,Other,"Send session quality comments ( Need to improve ) & validate it with tutor",,2026-02-08,2026-02-08,done,2,2026-02-08 13:38:04.687555+00,2026-02-08 18:58:42.806981+00,,,,,,
530eddbe-5e46-4151-8842-d9cb00ee9a02,11dd4b0c-9af0-4901-a65a-252d72623af0,Cover Session,S-154892  Cover session at 3:00,,2026-02-08,2026-02-08,done,3,2026-02-08 14:19:23.117973+00,2026-02-08 14:19:23.117973+00,,,,,,
d6ff711d-871c-4ed6-b81e-5368af1dcb01,11dd4b0c-9af0-4901-a65a-252d72623af0,Other,Slack shift extra shift of Saturday 7/2/2026,,2026-02-08,2026-02-08,done,2,2026-02-08 14:21:47.328852+00,2026-02-08 14:21:47.328852+00,,,,,,
f74c7b5a-c5af-4f4c-847c-c9cf9307e755,5585b896-3ea3-4908-8346-cbe6e16a092e,Cover Session,"Slot 3:00 PM S-108511 It was a cover session it was sent to me at 3:07 PM, I joined at 3:12 PM.",,2026-02-08,2026-02-08,done,3,2026-02-08 14:28:46.170505+00,2026-02-08 14:28:46.170505+00,,,,,,
188cf9d8-0737-46df-a2e2-ddedbe1f6aa6,11dd4b0c-9af0-4901-a65a-252d72623af0,Cover Session,S-27292 Cover session at 4:30,,2026-02-08,2026-02-08,done,3,2026-02-08 14:20:32.941731+00,2026-02-08 15:33:38.629859+00,,,,,,
093d48d7-d012-45d2-9ad7-ef9d7145b85f,79c89dfb-eb95-4439-9640-625fa3ac3571,Cover Session,"Elhousain Salah  [4:28 PM] Hello @Mentor-Nayera Hossam [T-4183] Kindly recheck your slot at 06:00, as it has been changed for today. Thank you for your time and consideration. Best regards, iSchool Moderation Team.",,2026-02-07,2026-02-07,done,3,2026-02-07 17:09:04.163076+00,2026-02-08 15:33:40.874192+00,,,,,,
5a034baf-e52a-45c6-9bcd-822e0fc07f7b,7649f3a3-7473-4896-90e5-8afa734828e8,Cover Session,"Hamdan Ahmad S-84211 - Grade 11 - 12 Copy Login Link Sun 8 Feb 2026 04:30 PM active L2: Introduction to Data Analysis with Google sheets M1: Data science and analysis with Python",,2026-02-08,2026-02-08,done,2,2026-02-08 15:33:48.530386+00,2026-02-08 15:33:48.530386+00,,,,,,
aa331b0e-622d-4385-9191-43085098b88a,c3251261-cbc7-4bba-a6e8-17a947cf74ae,Cover Session,"6:00 session was assigned to my schedule while I was delivering another session",,2026-02-08,2026-02-08,done,3,2026-02-08 15:40:39.419493+00,2026-02-09 11:45:42.526215+00,,,,,,
b9a1ef16-50c9-46f0-9397-838ce251c462,c0fc68a4-1170-4f8a-80f5-4ce7300dd458,One-to-One Meeting,Evaluation meaning with Ahmed Shams,,2026-02-08,2026-02-08,done,2,2026-02-08 14:14:29.343353+00,2026-02-08 15:39:58.422453+00,,,,,,
2d6958ab-06e3-4cc5-8075-664a51a0f376,45620717-bd9b-45ba-8265-b85af82e7796,Other,send cs case forone of my tutors,,2026-02-08,2026-02-08,done,2,2026-02-08 16:33:37.028532+00,2026-02-08 17:11:08.839696+00,,,,,,
48d16440-30f7-408a-b8d4-058ee78557f8,79c89dfb-eb95-4439-9640-625fa3ac3571,Cover Session,"[5:00 PM]Hello @Mentor-Nayera Hossam [T-4183] Kindly recheck your slot at 07:30, as it has been changed for today. Thank you for your time and consideration. Best regards, iSchool Moderation Team.",,2026-02-08,2026-02-08,done,3,2026-02-08 15:33:28.081351+00,2026-02-09 12:05:38.875068+00,,,,,,
d50136ad-0bf8-4e63-8f78-0b3dd602b62d,c3251261-cbc7-4bba-a6e8-17a947cf74ae,Cover Session,session assigned to my schedule while I was delivering another session,,2026-02-08,2026-02-08,done,3,2026-02-08 15:40:15.78786+00,2026-02-09 11:47:15.100239+00,,,,,,
5ce71a72-771f-44fe-a8f8-b1dbbdc139c1,c0fc68a4-1170-4f8a-80f5-4ce7300dd458,Other,check Team04 Quality DB,,2026-02-08,2026-02-08,done,2,2026-02-08 14:28:36.403019+00,2026-02-08 15:50:17.984312+00,,,,,,
c3b4cbc9-8c54-48bc-aabd-b0f885108146,57c183de-55fd-48d6-ab8d-09a138b0fd0b,Other,"Reviewing CS Case Case ID: 191264",,2026-02-08,2026-02-08,done,3,2026-02-08 15:51:53.829967+00,2026-02-08 16:29:13.52731+00,cea54012-b4d5-4643-8164-2e220e64ddf7,cea54012-b4d5-4643-8164-2e220e64ddf7,,,
70f00ff2-24c8-40f9-8568-4f97edb918f0,316e69c6-4baa-49c3-aec7-eef97b2756ee,Cover Session,"Omar Maged Mohamad S-85922 - Grade 3 - 4",,2026-02-08,2026-02-08,done,3,2026-02-08 16:04:46.589631+00,2026-02-08 16:04:54.642304+00,,,,,,
740eb10e-63c9-4bdd-bc57-6daf32f4b84c,45620717-bd9b-45ba-8265-b85af82e7796,Other,reminders for the session on Slack,,2026-02-08,2026-02-08,done,2,2026-02-08 16:08:04.602991+00,2026-02-08 16:08:04.602991+00,,,,,,
a14bcdf9-a8d0-4023-ad89-e226d1c19595,45620717-bd9b-45ba-8265-b85af82e7796,Team Meeting,Hr Meeting,,2026-02-08,2026-02-08,done,2,2026-02-08 16:08:26.839964+00,2026-02-08 16:08:37.581074+00,,,,,,
e59e1b66-88c1-4c3a-8891-69863733364b,45620717-bd9b-45ba-8265-b85af82e7796,Other,Edit the feedback for one of the tutors,,2026-02-08,2026-02-08,done,2,2026-02-08 16:10:48.52513+00,2026-02-08 16:10:48.52513+00,,,,,,
5d7560d1-7540-4f5b-920a-ab392b7d8eb8,5585b896-3ea3-4908-8346-cbe6e16a092e,Cover Session,"Slot 7:30 PM S-84819 frozen",,2026-02-08,2026-02-08,archived,3,2026-02-08 13:02:45.492349+00,2026-02-08 18:33:50.059111+00,,,,,,
36b28295-b387-4409-954b-9184e3ce69b1,c0fc68a4-1170-4f8a-80f5-4ce7300dd458,Session Review,"Ahmed shams has a student need a download so I'm going to review her last session first",,2026-02-08,2026-02-08,done,2,2026-02-07 22:16:54.44186+00,2026-02-09 14:58:37.00643+00,,,,,,
004b50f2-bc75-4252-8c4f-26c2cc018d35,8f645bd2-3df6-4487-ae7b-7c49d8f1d253,Other,Shehab CS Ticket,,2026-02-08,2026-02-08,done,3,2026-02-08 13:31:42.947981+00,2026-02-08 17:39:58.111239+00,,,,,,
16f63aa7-dbbc-4065-847f-546afbf26c68,8f645bd2-3df6-4487-ae7b-7c49d8f1d253,Other,"checking menna's dashboard feedback bug and assist her",,2026-02-08,2026-02-08,done,2,2026-02-08 13:33:25.429463+00,2026-02-08 17:40:06.46938+00,,,,,,
fb29a8ce-abb2-4db4-b546-5ee0502d4f6e,11dd4b0c-9af0-4901-a65a-252d72623af0,Cover Session,S-174426 Cover session at 7:30,,2026-02-08,2026-02-08,done,3,2026-02-08 14:23:15.122659+00,2026-02-08 18:08:47.152602+00,,,,,,
376985b1-a911-4c8d-bd8a-8016908a4cbe,8a51fd39-3c02-44e5-a178-2f3aafc2e3e5,Other,"Cs Case case number 191244",,2026-02-08,2026-02-08,done,2,2026-02-08 15:24:53.93249+00,2026-02-08 17:55:52.386957+00,,,,,,
821b721c-71e9-47d6-ba78-088aa9f0823b,d7c33a8a-1c83-4cc3-a1b9-72787c40d165,Cover Session,5 sessions,,2026-02-08,2026-02-08,done,3,2026-02-08 12:56:24.204761+00,2026-02-14 19:41:00.941593+00,,,,,,
22c0c4b1-26b1-4e33-ab50-c8296fc3628a,11dd4b0c-9af0-4901-a65a-252d72623af0,Cover Session,S-188649 Cover session at 3:00,,2026-02-09,2026-02-09,done,3,2026-02-08 14:24:18.268634+00,2026-02-09 17:03:28.4552+00,,,,,,
b4eee33f-f48d-402f-a9d7-cd82a307b61d,0af709a7-115e-4c62-9863-c0c078daf370,Cover Session,"Cover slot 4:30 outside team Cover slot 6:00 outside team",,2026-02-08,2026-02-08,done,2,2026-02-08 18:15:59.162646+00,2026-02-08 18:15:59.162646+00,,,,,,
5f7e225a-e318-4e05-8496-2aff2bda0d6d,ad80a2c7-9970-4a96-bd28-c781bc81d03f,Cover Session,Cover session at 4:30 pm,,2026-08-02,2026-08-02,done,3,2026-02-08 18:54:22.626758+00,2026-02-08 18:54:22.626758+00,,,,,,
3401eef0-05d6-4b86-9a9b-7cdd07fbce22,ad80a2c7-9970-4a96-bd28-c781bc81d03f,Other,Help tutor in his report at 8:30 pm,,2026-08-02,2026-08-02,done,2,2026-02-08 18:56:20.407734+00,2026-02-08 18:56:20.407734+00,,,,,,
b5d74a4a-58af-4a5a-a6dc-74c354199d32,ad80a2c7-9970-4a96-bd28-c781bc81d03f,Other,Help tutor to deal with student at 8 pm,,2026-08-02,2026-08-02,done,2,2026-02-08 18:57:25.337703+00,2026-02-08 18:57:25.337703+00,,,,,,
b0410a46-dbe5-4d95-8606-b69d0cb1720f,8f33f62c-b915-40ed-8129-d2b60864e017,Other,"Slack shift - instructors education channel",,2026-02-08,2026-02-08,done,2,2026-02-08 18:21:42.760351+00,2026-02-08 20:03:02.272156+00,,,,,,
4522f838-d016-4842-8c07-5267e18aa88a,c3251261-cbc7-4bba-a6e8-17a947cf74ae,Cover Session,"9:00 pm session was assigned to my schedule while I was delivering another session",,2026-02-08,2026-02-08,done,3,2026-02-08 15:41:41.646982+00,2026-02-09 11:45:28.118677+00,,,,,,
79d95b4f-b5b8-4548-abd5-fb7cbeee971d,c3251261-cbc7-4bba-a6e8-17a947cf74ae,Cover Session,"7:30 session assigned to my schedule while I was delivering another session",,2026-02-08,2026-02-08,done,3,2026-02-08 15:41:01.638915+00,2026-02-09 11:45:35.794611+00,,,,,,
d605c3b3-1f48-48e3-9b14-2113bbf8f323,c0fc68a4-1170-4f8a-80f5-4ce7300dd458,Cover Session,Cover 2 session,,2026-02-08,2026-02-08,done,2,2026-02-08 17:35:43.527262+00,2026-02-09 14:58:35.6855+00,,,,,,
af61a968-915f-4d36-93e8-fcae6483a5fc,11dd4b0c-9af0-4901-a65a-252d72623af0,Cover Session,S-106119 Cover session at 6:00,,2026-02-09,2026-02-09,done,3,2026-02-08 14:22:43.702971+00,2026-02-09 17:02:41.215674+00,,,,,,
f1fa24b6-0936-4a56-ad6e-600cae55cb58,5f193202-62b8-4a1a-96c2-8599bfd076ca,Cover Session,Full day,,2026-02-08,2026-02-08,done,3,2026-02-08 18:58:35.571848+00,2026-02-08 18:58:35.571848+00,,,,,,
940b1e4a-39ae-4ba0-9faa-e0978a06c365,c1402d6f-183f-4afe-af13-6319784141e9,Cover Session,cover 3 sessions,,2026-02-08,2026-02-08,done,4,2026-02-08 13:08:45.317719+00,2026-02-08 18:58:38.263835+00,,,,,,
ceab23f9-27a5-4a7e-ac11-ec79475d9931,ebf46837-d9bd-46c5-ab0d-f264e608dd7a,Cover Session,cover sessions 3, 4:30, 7:30 and 9,,2026-02-08,2026-02-08,done,3,2026-02-08 19:27:15.079504+00,2026-02-08 19:27:22.604592+00,,,,,,
a1191fc7-1808-4c04-bc90-4c4f946ca62c,ebf46837-d9bd-46c5-ab0d-f264e608dd7a,Other,joined hr meeting from 2-3,,2026-02-08,2026-02-08,done,1,2026-02-08 19:27:58.977735+00,2026-02-08 19:27:58.977735+00,,,,,,
6342c4e8-b01d-433c-a405-d2d040513a4b,2037f361-3570-4946-9b8d-e7d24189b59e,Cover Session,S-18771  covering T-4620,,2026-02-08,2026-02-08,done,3,2026-02-08 19:46:34.165898+00,2026-02-08 19:46:34.165898+00,,,,,,
ad814334-7efe-4da0-b6f1-9ab9adf02366,14626a70-e06d-4406-bdff-0ca0271f27c0,Cover Session,Covered 3 sessions,,2026-02-08,2026-02-08,done,2,2026-02-08 19:58:37.079879+00,2026-02-08 19:58:37.079879+00,,,,,,
8703c3fc-b7a0-4715-a770-0638c19db832,59892d43-6f2f-46c8-b9d9-308764bc9778,Cover Session,3 sessions,,2026-02-08,2026-02-08,done,3,2026-02-08 20:05:40.650198+00,2026-02-08 20:05:40.650198+00,,,,,,
40bfa283-328d-40de-ab5e-03628cb76023,59892d43-6f2f-46c8-b9d9-308764bc9778,Other,sending a student case,,2026-02-08,2026-02-08,done,3,2026-02-08 20:06:11.815121+00,2026-02-08 20:06:11.815121+00,,,,,,
33fd8295-5015-44e2-95e6-5ac721585ad9,59892d43-6f2f-46c8-b9d9-308764bc9778,Other,solving a code issue with a tutor,,2026-02-08,2026-02-08,done,2,2026-02-08 20:06:43.940502+00,2026-02-08 20:06:43.940502+00,,,,,,
cf4d89ca-fc97-47ed-bcb2-c5034e8589a3,97d1ff5c-bd83-4687-8276-fa161cefaba0,Cover Session,cover 3 sessions,,2026-02-08,2026-02-08,done,2,2026-02-08 20:09:05.760239+00,2026-02-08 20:09:05.760239+00,,,,,,
e70643d8-9ac4-4dc6-9644-c3329cab0b23,10dddfcd-487c-4fdf-b1df-19952e29a06a,Check Flags,"communicate with tutor omar hossam about recent inefficiency in session",,2026-02-10,2026-02-13,done,2,2026-02-09 13:17:28.819287+00,2026-02-10 19:36:13.796632+00,,,,,,
6d73d3a1-bf32-496f-aa6e-c70a7e6e41d0,97d1ff5c-bd83-4687-8276-fa161cefaba0,Team Meeting,meeting with ahmed hesham and mariam hessein,,2026-02-07,2026-02-07,done,2,2026-02-08 20:16:35.240025+00,2026-02-08 20:16:35.240025+00,,,,,,
6fcb47e9-6bf9-42a0-9595-248edf2e7c5a,c1402d6f-183f-4afe-af13-6319784141e9,Other,Edit student feedback,,2026-02-08,2026-02-08,done,2,2026-02-08 20:17:19.02259+00,2026-02-08 20:17:19.02259+00,,,,,,
edf10743-ad60-4f7d-9812-ea262ed11e2a,5f193202-62b8-4a1a-96c2-8599bfd076ca,One-to-One Meeting,Meeting with the new team member,,2026-02-13,2026-02-13,done,3,2026-02-09 17:21:56.15382+00,2026-02-13 12:37:15.768764+00,,,14:00,14:15,15
32aa428c-b9bb-4bbd-b6de-852d0a16a004,5585b896-3ea3-4908-8346-cbe6e16a092e,Other,Supporting the team with needed materials.,,2026-02-08,2026-02-08,done,3,2026-02-08 20:28:05.237064+00,2026-02-08 20:28:05.237064+00,,,,,,
d8089df9-6b82-4f6b-993b-3fc51353786a,79c89dfb-eb95-4439-9640-625fa3ac3571,Cover Session,"Elhousain Salah  [4:20 PM] Hello @Mentor-Nayera Hossam [T-4183] Kindly recheck your slot at 09:00, as it has been changed for today. Thank you for your time and consideration. Best regards, iSchool Moderation Team.",,2026-02-08,2026-02-08,done,3,2026-02-08 15:32:56.879263+00,2026-02-09 12:05:32.526093+00,,,,,,
d6dcdc9e-9909-47cc-97fb-ee502f4091bd,8bbfaf3e-70d2-46f4-8748-47e04282553d,One-to-One Meeting,Evaluation meeting for Jan report with Mostafa Elsayed,,2026-02-09,2026-02-09,done,2,2026-02-08 22:46:46.154768+00,2026-02-09 12:18:42.218428+00,,,,,,
9011217d-7f9b-4270-a6af-9334f4e621ed,8bbfaf3e-70d2-46f4-8748-47e04282553d,One-to-One Meeting,Evaluation meeting for Jan report with Amal Taha,,2026-02-09,2026-02-09,done,2,2026-02-08 22:46:30.086433+00,2026-02-09 12:18:43.467469+00,,,,,,
6e4effd5-a018-45fc-bedc-97231ae0c727,14626a70-e06d-4406-bdff-0ca0271f27c0,Other,"Checking student cases and validating them with the TL",,2026-02-08,2026-02-08,done,1,2026-02-09 12:34:36.276556+00,2026-02-09 12:34:36.276556+00,,,,,,
484f9e43-1aa1-46d8-8c21-db7ca44a090e,316e69c6-4baa-49c3-aec7-eef97b2756ee,Team Meeting,Attending meeting with TL,,2026-02-09,2026-02-09,done,2,2026-02-09 12:37:10.233712+00,2026-02-09 12:37:10.233712+00,,,,,,
717028b8-f962-43f4-a427-8428e3163f60,5585b896-3ea3-4908-8346-cbe6e16a092e,Cover Session,"Slot 3:00 PM S-359256",,2026-02-09,2026-02-09,done,3,2026-02-09 13:39:47.168253+00,2026-02-09 13:39:47.168253+00,,,,,,
1e3f1f96-09e8-4124-b09c-00025665ec1d,8f33f62c-b915-40ed-8129-d2b60864e017,Cover Session,informed 30 minutes before the session,,2026-02-09,2026-02-09,done,3,2026-02-09 12:30:44.245594+00,2026-02-09 14:01:30.036536+00,,,,,,
f2344565-67ec-4818-b265-ff6749374829,79c89dfb-eb95-4439-9640-625fa3ac3571,Session Review,T-13100's student case S-372457,https://zoom.us/rec/share/3cy-YHX95bPDV4c-d4ymgT3WLqbVnIHsQHAgE62IeAVd8ZjAQIjO2nIV6d6KdT1F.RvIPkN8NZl7q27Wg,2026-02-09,2026-02-10,done,3,2026-02-09 12:07:19.542421+00,2026-02-09 14:01:42.20094+00,,,,,,
edfd3e71-2fe9-4e99-8785-ea7b2c203da3,11dd4b0c-9af0-4901-a65a-252d72623af0,Cover Session,S-D2601  at 9:00,,2026-02-09,2026-02-09,done,3,2026-02-09 17:05:57.252036+00,2026-02-09 20:25:52.191179+00,,,,,,
f04c5729-b7d8-4059-9de7-3a76c493cb56,c0fc68a4-1170-4f8a-80f5-4ce7300dd458,One-to-One Meeting,"t-11392 Abdelrahman Hussein Evaluation meeting and congratulations to him for his score of 100, encouraging him to be a top employee.",,2026-02-08,2026-02-08,done,2,2026-02-09 15:00:54.487948+00,2026-02-09 15:01:11.642881+00,,,,,,
55474d89-f87c-471f-87d5-28efc9204373,0af709a7-115e-4c62-9863-c0c078daf370,Check Flags,check flags,,2026-02-09,2026-02-09,done,2,2026-02-09 15:14:02.415848+00,2026-02-09 15:14:02.415848+00,,,,,,
18e1d071-d5a9-4386-bf6a-177384afbccc,c0fc68a4-1170-4f8a-80f5-4ce7300dd458,One-to-One Meeting,"Alaa nabil She was having trouble with Godot and needed some help.",https://zoom.us/j/4252621165,2026-02-01,2026-02-01,done,2,2026-02-09 15:31:44.485903+00,2026-02-09 15:31:44.485903+00,,,,,,
ef5f8ddb-4fe6-4d49-8f52-234efc0a3b3e,8a51fd39-3c02-44e5-a178-2f3aafc2e3e5,Cover Session,"session was send to me 3:08 i replayed at 3:18 due network issue i had and joined the session",,2026-02-09,2026-02-09,done,2,2026-02-09 15:34:49.588638+00,2026-02-09 15:34:49.588638+00,,,,,,
54a05565-dd0f-4575-9724-ecb4575bda4a,c0fc68a4-1170-4f8a-80f5-4ce7300dd458,Other,Send an Invalid_Quality_comments to the Team Leader,,2026-02-09,2026-02-09,done,2,2026-02-09 15:50:12.165376+00,2026-02-09 15:50:12.165376+00,,,,,,
68351953-a676-44e9-b857-ddb90915379a,8bbfaf3e-70d2-46f4-8748-47e04282553d,Other,Sending quality comments,,2026-02-09,2026-02-09,done,2,2026-02-09 15:51:29.713444+00,2026-02-09 15:51:29.713444+00,,,,,,
e8bc4675-b331-4a1e-be41-80d62e9604ff,c0fc68a4-1170-4f8a-80f5-4ce7300dd458,Other,Prepare each tutor Data for the Evalution Meeting.,,2026-02-09,2026-02-09,done,2,2026-02-09 15:49:15.514481+00,2026-02-09 15:57:51.510901+00,,,,,,
c3cab54d-2e7a-4103-86b6-8bceb9062394,11dd4b0c-9af0-4901-a65a-252d72623af0,Cover Session,S-32204 cover session at 4:30,,2026-02-09,2026-02-09,done,3,2026-02-09 17:04:01.603791+00,2026-02-09 17:04:01.603791+00,,,,,,
bd278795-9ae6-4e29-ad51-784413fb1667,5f193202-62b8-4a1a-96c2-8599bfd076ca,Other,Contacting The New Team Member,,2026-02-09,2026-02-09,done,3,2026-02-09 17:21:15.201811+00,2026-02-09 17:21:15.201811+00,,,,,,
2dcf7c98-647a-43f8-bd9a-00e85a888a6e,97d1ff5c-bd83-4687-8276-fa161cefaba0,Cover Session,cover 3 sessions,,2026-02-09,2026-02-09,done,2,2026-02-09 17:42:41.39655+00,2026-02-09 17:42:41.39655+00,,,,,,
7e6af3c4-d51c-429c-adea-fc71be5ec0ac,5585b896-3ea3-4908-8346-cbe6e16a092e,One-to-One Meeting,"Discussing study issues because of the tutor's medical issues. Asking about the updates of December's report. Took 30 minutes.",,2026-02-09,2026-02-09,done,2,2026-02-09 17:49:47.919999+00,2026-02-09 17:49:47.919999+00,,,,,,
16f4e3ae-b3b8-4084-bcff-7fcb32fd470e,5585b896-3ea3-4908-8346-cbe6e16a092e,Other,Supporting tutors with needed materials.,,2026-02-09,2026-02-09,done,3,2026-02-09 12:42:52.537484+00,2026-02-09 19:11:40.050895+00,,,,,,
d742fae8-45fe-4770-afce-ad9ffd293906,8bbfaf3e-70d2-46f4-8748-47e04282553d,Cover Session,Covering 4 sessions,,2026-02-09,2026-02-09,done,2,2026-02-09 12:28:25.039361+00,2026-02-09 19:22:57.04399+00,,,,,,
32b3e586-18aa-4ea1-b4da-7b7bccb85da7,5f193202-62b8-4a1a-96c2-8599bfd076ca,Cover Session,Full day Cover sessions,,2026-02-09,2026-02-09,done,3,2026-02-09 17:20:33.829843+00,2026-02-09 19:33:08.416564+00,,,,,,
eda63144-8cdd-4f11-b07a-bc8a7956ce2d,11dd4b0c-9af0-4901-a65a-252d72623af0,Cover Session,S-105294  at 7:30,,2026-02-09,2026-02-09,done,3,2026-02-09 17:05:19.095207+00,2026-02-09 20:25:46.057635+00,,,,,,
44c68b26-2dd8-42f8-bc60-65d4b8a58047,c1402d6f-183f-4afe-af13-6319784141e9,One-to-One Meeting,Evaluation meeting (Viola Amin),https://zoom.us/j/93969384616,2026-02-09,2026-02-09,done,3,2026-02-08 20:14:47.991381+00,2026-02-10 08:46:36.020024+00,,,,,,
ee9af55b-b2cc-4df8-84b7-b7cb39fab523,0af709a7-115e-4c62-9863-c0c078daf370,Other,Creating fawzer Ramadan Cards,,2026-02-09,2026-02-15,done,2,2026-02-09 15:15:00.132604+00,2026-02-16 14:16:29.203413+00,,,,,,
fdc45ae6-129a-42e1-add7-4651f463d488,10dddfcd-487c-4fdf-b1df-19952e29a06a,Cover Session,4 sessions,,2026-02-09,2026-02-09,done,2,2026-02-09 13:14:49.877499+00,2026-02-10 19:26:07.752958+00,,,,,,
899acaa3-1243-4f14-b700-a0e52b0996df,10dddfcd-487c-4fdf-b1df-19952e29a06a,Cover Session,3 sessions,,2026-02-08,2026-02-08,done,2,2026-02-08 20:23:19.824311+00,2026-02-10 19:26:12.190858+00,,,,,,
3d535867-e886-432c-8a55-8b0ff510c30b,5f193202-62b8-4a1a-96c2-8599bfd076ca,Team Meeting,Team Meeting with the new team member,,2026-02-16,2026-02-16,done,3,2026-02-09 17:22:46.233436+00,2026-02-16 14:38:37.160056+00,,,14:00,14:30,30
6686b4e8-24d4-4bc3-8d71-6b3885cdc823,79c89dfb-eb95-4439-9640-625fa3ac3571,Other,T-12906's session case,,2026-02-09,2026-02-09,done,3,2026-02-09 12:21:50.910199+00,2026-02-09 18:33:28.324823+00,,,,,,
6da2f209-3a86-4dbb-9846-928014fb71c5,79c89dfb-eb95-4439-9640-625fa3ac3571,Cover Session,"Shahd Amr Ibrahim  [2:58 PM] hello @Mentor-Nayera Hossam [T-4183] can cover this session now please Sondos Islam Adam S-345877 - Grade 3 - 4 Mon 9 Feb 2026 03:00 PM active NormalenglishL6: Bugs M1: 2D block-based Game Development Esraa Hesham Mohamed Elganainy T-12669",,2026-02-09,2026-02-09,done,2,2026-02-09 18:34:39.956347+00,2026-02-09 18:34:39.956347+00,,,,,,
83550c11-bf81-4c80-90cb-5ce524000238,79c89dfb-eb95-4439-9640-625fa3ac3571,Cover Session,"Shahd Amr Ibrahim  [3:29 PM] Hello @Mentor-Nayera Hossam [T-4183] Kindly recheck your slot at 04:30, as it has been changed for today. Thank you for your time and consideration. Best regards, iSchool Moderation Team.",,2026-02-09,2026-02-09,done,2,2026-02-09 18:35:14.980899+00,2026-02-09 18:35:14.980899+00,,,,,,
6bc05010-5b03-478c-9b24-97fc5067e6dc,5f193202-62b8-4a1a-96c2-8599bfd076ca,Other,"Organizing Slack with the new team structure (enter new channels, leave old channels, add new members to the group channel)",,2026-02-09,2026-02-09,done,3,2026-02-09 18:48:01.881752+00,2026-02-09 18:48:01.881752+00,,,,,,
8e00003f-3828-4c4f-923a-42067c898d08,8f645bd2-3df6-4487-ae7b-7c49d8f1d253,Team Meeting,caricature workshop,,2026-02-09,2026-02-09,done,2,2026-02-09 20:10:20.015523+00,2026-02-09 20:10:20.015523+00,,,,,,
0042b537-9eb5-4d17-99f6-9d012421c5e7,8f645bd2-3df6-4487-ae7b-7c49d8f1d253,Other,assist tutor,,2026-02-09,2026-02-09,done,2,2026-02-09 20:10:35.144229+00,2026-02-09 20:10:41.516664+00,,,,,,
3ee65be8-7b8a-436c-a64c-f9b634ef1f54,8f645bd2-3df6-4487-ae7b-7c49d8f1d253,Other,assist tutor,,2026-02-09,2026-02-09,done,2,2026-02-09 20:11:01.364136+00,2026-02-09 20:11:01.364136+00,,,,,,
9bc27289-1ceb-4313-a88b-b5421276e853,8f645bd2-3df6-4487-ae7b-7c49d8f1d253,Other,shehab call,,2026-02-09,2026-02-09,done,2,2026-02-09 20:11:43.792872+00,2026-02-09 20:11:43.792872+00,,,,,,
71b7c2cb-e6a0-487a-a02f-fd6bdf150efb,14626a70-e06d-4406-bdff-0ca0271f27c0,Cover Session,5 sessions,,2026-02-09,2026-02-09,done,2,2026-02-09 20:23:52.703354+00,2026-02-09 20:23:52.703354+00,,,,,,
8701f242-de33-4d63-9857-d72a54432e36,11dd4b0c-9af0-4901-a65a-252d72623af0,Other,Supporting the team with the needed material and answering their inquiries,,2026-02-09,2026-02-09,done,2,2026-02-09 20:26:49.830593+00,2026-02-09 20:26:49.830593+00,,,,,,
cc847418-857c-4d42-bab4-e0d79fcc765b,6008cfbc-3ac3-41a7-ae2f-81a2d0a2ee25,Cover Session,Slot 6,,2026-02-08,2026-02-08,done,2,2026-02-09 23:50:41.831414+00,2026-02-09 23:50:41.831414+00,,,,,,
6b4d04e4-7e8e-499c-853c-54074783b5e7,38b09a82-449a-4bc8-be88-3db7db207770,Team Meeting,New team meeting (welcome meeting),,2026-02-09,2026-02-09,done,3,2026-02-09 23:55:03.118857+00,2026-02-09 23:55:03.118857+00,,,,,,
986dd8ce-a443-4237-bd52-25001eb56428,2da44565-25c0-4e68-b32e-80971ccd65de,Team Meeting,"I had my first meeting with the team, where we introduced ourselves and got to know each other",https://zoom.us/rec/share/3ha68iY7lBhlDNv5OTRana4ZIjmXa4K8Tkp9fl-VJ8VZIBqme3D-3E_eyDeNoVl1.7ee5VRaQMqFeYLdN?startTime=1770638124000 Passcode: XNS2$7A1,2026-02-09,2026-02-09,done,2,2026-02-10 04:33:30.466361+00,2026-02-10 04:33:30.466361+00,,,,,,
53986f1e-0475-4039-8d34-d2ae9d5d715f,2da44565-25c0-4e68-b32e-80971ccd65de,Other,Organizing messages for each slot,,2026-02-10,2026-02-10,done,2,2026-02-10 04:35:33.574954+00,2026-02-10 05:03:33.471416+00,,,,,,
7183e363-e569-4221-9670-e070f82487d9,c1402d6f-183f-4afe-af13-6319784141e9,Cover Session,cover 4 sessions,,2026-02-09,2026-02-09,done,4,2026-02-10 08:47:06.750246+00,2026-02-10 08:47:06.750246+00,,,,,,
c7db276b-452f-4b29-8cf6-0c9b53bf50cb,c1402d6f-183f-4afe-af13-6319784141e9,Other,Check quality comments,,2026-02-09,2026-02-09,done,3,2026-02-10 08:47:47.132954+00,2026-02-10 08:47:47.132954+00,,,,,,
5676700c-2561-4ded-9496-762e2b361180,c1402d6f-183f-4afe-af13-6319784141e9,Other,report student case,,2026-02-09,2026-02-09,done,4,2026-02-10 09:04:37.836598+00,2026-02-10 09:04:37.836598+00,,,,,,
a5a4b6a0-f5d4-4989-8fe7-4abdfa0a4fcd,c1402d6f-183f-4afe-af13-6319784141e9,Session Review,Viola complain about student un accepted behavior,https://zoom.us/rec/share/UDmEYbwtjtm7uc2UPLBMv3DacXdxmTYufmX1rR4I2VnmzyO2fp8pm4iStxfielxM._Lpqs0LIxwMysgTq  Passcode: Ee$U0ZDR,2026-02-09,2026-02-09,done,4,2026-02-10 09:04:05.82512+00,2026-02-10 09:05:08.378888+00,,,,,,
d7c76a6d-b028-4435-9191-2cf5aaaceec6,c1402d6f-183f-4afe-af13-6319784141e9,Session Review,Esraa Mohammed,https://zoom.us/rec/share/vN9a3gLNRLaUJWr-EjMn-JxsaF3HH894Tri0zfdbQ8pElWPeRdi_2XBtK-lzRyB_.ViKJGoBKT1WRdOhq?startTime=1770662224000 Passcode: 9h.C^*8r,2026-02-10,2026-02-10,done,2,2026-02-10 09:37:07.519594+00,2026-02-10 09:37:07.519594+00,,,,,,
a95156aa-2260-44de-8076-41ca997deb87,8bbfaf3e-70d2-46f4-8748-47e04282553d,Session Review,Mostafa Elsayed,,2026-02-09,2026-02-09,done,2,2026-02-10 12:10:52.863418+00,2026-02-10 12:10:52.863418+00,,,,,,
0ea721fa-7780-4fdd-9ad0-9e0b07ee1ea1,80b0c01a-eb23-47ed-945b-572314a36b39,Session Review,"the cs gives a comment about Shahd Ashraf T-8388 for Student ""Yacine"" ->  S-110172",,2026-02-10,2026-02-10,done,4,2026-02-10 12:20:43.809768+00,2026-02-10 12:20:43.809768+00,,,,,,
10bf1d0e-8602-4770-89fb-999fc960138d,c1402d6f-183f-4afe-af13-6319784141e9,Study Plan,follow up study plan,,2026-02-10,2026-02-10,done,3,2026-02-10 09:39:55.521723+00,2026-02-10 09:44:03.021574+00,,,,,,
0389dec1-d52a-4389-8ee1-1c333bf7af5d,8bbfaf3e-70d2-46f4-8748-47e04282553d,One-to-One Meeting,Evaluation meeting for Jan report with Renad Ibrahim,,2026-02-10,2026-02-10,done,2,2026-02-10 10:32:18.344309+00,2026-02-10 10:32:18.344309+00,,,,,,
028995d8-48a5-4dac-9071-f9e29120d266,8bbfaf3e-70d2-46f4-8748-47e04282553d,One-to-One Meeting,Evaluation meeting for Jan report with Sondos Mohamed,,2026-02-10,2026-02-10,done,2,2026-02-10 10:32:53.077696+00,2026-02-10 10:32:53.077696+00,,,,,,
9b46750d-ef1f-411e-b869-174959f1aa12,80b0c01a-eb23-47ed-945b-572314a36b39,Other,Welcome Meeting,,2026-02-09,2026-02-09,done,2,2026-02-10 11:18:53.018161+00,2026-02-10 11:18:53.018161+00,,,,,,
8a04398e-3232-42c8-8e3b-877084dd7046,cea54012-b4d5-4643-8164-2e220e64ddf7,Other,Sending Recap sessions,,2026-02-10,2026-02-10,done,3,2026-02-10 11:36:23.803543+00,2026-02-10 11:36:23.803543+00,,,,,,
d59248ee-9210-48ba-81ba-1cbf871a9825,0ecf324e-ffdf-4215-ad89-fc52bf3228bc,Team Meeting,"دخلت مع التيم كلة ميتنج عشان اتعرف عليهم كلهم بس باهر مدخلش كل تعاملي معاه واتساب فقط",,2026-02-09,2026-02-09,done,2,2026-02-10 12:29:30.496404+00,2026-02-10 12:29:30.496404+00,,,,,,
3b87d599-e78c-4b4d-8939-776177ed9364,8f645bd2-3df6-4487-ae7b-7c49d8f1d253,Other,checking quality reports,,2026-02-10,2026-02-10,done,2,2026-02-10 12:31:44.084684+00,2026-02-10 12:31:44.084684+00,,,,,,
6d107c17-f1b8-49ce-b7c4-d041626d5097,cea54012-b4d5-4643-8164-2e220e64ddf7,Other,"Sending the monthly announcement to tutors - Top tutors - Calendly link for evaluation meetings",,2026-02-10,2026-02-10,done,3,2026-02-10 11:38:10.547593+00,2026-02-10 13:52:16.234883+00,,,,,,
ece7c48b-afaa-4741-836b-b3c083948c68,c1402d6f-183f-4afe-af13-6319784141e9,Team Meeting,Weekly meeting with my team,,2026-02-10,2026-02-10,done,3,2026-02-10 09:37:40.045283+00,2026-02-10 12:48:54.89154+00,,,,,,
d48f8410-03fb-4ee8-82d5-6700f9283f9d,cea54012-b4d5-4643-8164-2e220e64ddf7,Other,2nd Meeting with batch 118 at 2:00 PM,,2026-02-10,2026-02-10,done,3,2026-02-10 11:36:52.901173+00,2026-02-10 13:52:18.561919+00,,,,,,
19d22b7b-232f-416d-b364-404921e8d66c,cea54012-b4d5-4643-8164-2e220e64ddf7,Other,Sending Quality Reports to Mentors,,2026-02-10,2026-02-10,done,3,2026-02-10 11:37:13.875024+00,2026-02-10 15:51:28.654221+00,,,,,,
48d6ce1f-5ac4-49ae-83e0-408921848ab8,6008cfbc-3ac3-41a7-ae2f-81a2d0a2ee25,Team Meeting,"اول ميتينج مع التيم نتعرف على بعض ونشوف الدنيا هتمشى معانا ازاى الفتره اللى جايه",,2026-02-10,2026-02-10,done,2,2026-02-09 23:51:42.566536+00,2026-02-10 17:01:49.586139+00,,,,,,
f2d57449-be33-484e-9ee9-824dde15e9a5,8f645bd2-3df6-4487-ae7b-7c49d8f1d253,Team Meeting,HR meeting,,2026-02-10,2026-02-10,done,2,2026-02-10 12:32:05.875111+00,2026-02-13 12:32:33.15776+00,,,,,,
6b304768-7065-400f-8f6c-d017645e95e7,8f645bd2-3df6-4487-ae7b-7c49d8f1d253,Cover Session,slot 9 hadeer's session,,2026-02-10,2026-02-10,done,2,2026-02-10 12:32:53.765947+00,2026-02-13 13:54:49.423068+00,,,,,,
a3fd7476-7e2e-4eae-92c6-6b68f1eee7b7,8f645bd2-3df6-4487-ae7b-7c49d8f1d253,Cover Session,solt 3 hadeer's sessoin,,2026-02-10,2026-02-10,done,2,2026-02-10 12:32:28.264485+00,2026-02-13 13:54:52.813625+00,,,,,,
ca93abd5-273d-4bd3-98a3-fb95f8750ab5,cea54012-b4d5-4643-8164-2e220e64ddf7,Other,Leaves on system,,2026-02-10,2026-02-10,done,2,2026-02-10 11:35:47.683216+00,2026-02-13 16:43:38.213444+00,,,,,,
296293c3-25a5-4655-a84e-a14b4b5db68d,cea54012-b4d5-4643-8164-2e220e64ddf7,Other,No show validation,,2026-02-10,2026-02-10,done,3,2026-02-10 11:36:04.061241+00,2026-02-13 16:43:39.755912+00,,,,,,
cf4c44f2-9731-4607-ba8b-4d2a82fedfcd,8f645bd2-3df6-4487-ae7b-7c49d8f1d253,Other,nour's quality report issue,,2026-02-10,2026-02-10,in_progress,3,2026-02-09 20:11:26.327887+00,2026-02-14 16:30:37.675147+00,,,,,,
75c018ac-5d2a-4f1b-bd5d-a38f6c7d21c5,79c89dfb-eb95-4439-9640-625fa3ac3571,Cover Session,"[2:38 PM]Hello @Mentor-Nayera Hossam [T-4183] Kindly recheck your slot at 03:00, as it has been changed for today. Thank you for your time and consideration. Best regards, iSchool Moderation Team.",,2026-02-10,2026-02-10,done,2,2026-02-10 12:45:57.546484+00,2026-02-10 12:45:57.546484+00,,,,,,
601251a4-5fc6-4cdd-b5a8-03a886c69a83,d0d27ad1-ba4e-4495-9c6d-8015746961fc,Team Meeting,Discuss the new rules,,2026-02-03,2026-02-03,done,2,2026-02-10 12:52:54.200555+00,2026-02-10 12:52:54.200555+00,,,,,,
70a272d0-13dc-456c-85fe-4600c04f73f2,d0d27ad1-ba4e-4495-9c6d-8015746961fc,Cover Session,session 4:30,,2026-02-01,2026-02-01,done,2,2026-02-10 12:55:42.628448+00,2026-02-10 12:55:42.628448+00,,,,,,
d9eaf28e-dd93-4752-a640-8219734b0e91,d0d27ad1-ba4e-4495-9c6d-8015746961fc,Cover Session,session 6,,2026-02-01,2026-02-01,done,2,2026-02-10 12:56:01.697699+00,2026-02-10 12:56:15.423158+00,,,,,,
fcf0ee2d-8b41-47ef-8310-3344d2e52364,d0d27ad1-ba4e-4495-9c6d-8015746961fc,Cover Session,session 7:30,,2026-02-01,2026-02-01,done,2,2026-02-10 12:56:39.895994+00,2026-02-10 12:56:39.895994+00,,,,,,
070c8915-0045-422e-81c6-63cbc5feab12,d0d27ad1-ba4e-4495-9c6d-8015746961fc,Cover Session,session 9:00,,2026-02-01,2026-02-01,done,2,2026-02-10 12:57:08.701145+00,2026-02-10 12:57:08.701145+00,,,,,,
c76f824f-9ead-48ff-b75c-02b8f5ac1314,d0d27ad1-ba4e-4495-9c6d-8015746961fc,Cover Session,3:00PM,,2026-02-02,2026-02-02,done,2,2026-02-10 12:57:34.983751+00,2026-02-10 12:57:34.983751+00,,,,,,
534502b1-7d37-4bba-a140-ef7c8185f625,d0d27ad1-ba4e-4495-9c6d-8015746961fc,Cover Session,4:30,,2026-02-02,2026-02-02,done,2,2026-02-10 12:57:58.331328+00,2026-02-10 12:57:58.331328+00,,,,,,
91bfd73c-dc02-41db-b56c-579c47cb450e,d0d27ad1-ba4e-4495-9c6d-8015746961fc,Cover Session,6:00,,2026-02-02,2026-02-02,done,2,2026-02-10 12:58:11.021574+00,2026-02-10 12:58:11.021574+00,,,,,,
e8ee93af-a3b9-49ec-9cf7-8e69975a1eef,d0d27ad1-ba4e-4495-9c6d-8015746961fc,Cover Session,9:00,,2026-02-02,2026-02-02,done,2,2026-02-10 12:58:24.557353+00,2026-02-10 12:58:24.557353+00,,,,,,
42f7e2c5-6c87-4134-b774-794276a92e5d,316e69c6-4baa-49c3-aec7-eef97b2756ee,Cover Session,"slime sameh S-218715 - Grade 3 - 4",,2026-02-09,2026-02-09,done,3,2026-02-10 13:15:12.845237+00,2026-02-10 13:15:12.845237+00,,,,,,
627135a4-c26d-4fee-80dd-0827157394b6,11dd4b0c-9af0-4901-a65a-252d72623af0,Cover Session,S-335246 cover session at 3:00,,2026-02-10,2026-02-10,done,3,2026-02-10 13:15:24.850515+00,2026-02-10 13:15:24.850515+00,,,,,,
bdea9f60-22c6-4925-a1c0-2fd733d5bd5e,316e69c6-4baa-49c3-aec7-eef97b2756ee,Cover Session,"فيلوباتير كمال وصفي S-105002 - Grade 9 - 10",,2026-02-10,2026-02-10,done,3,2026-02-10 13:15:32.578806+00,2026-02-10 13:15:32.578806+00,,,,,,
8706f6e7-5c57-4b4f-9849-93041f93576f,c0fc68a4-1170-4f8a-80f5-4ce7300dd458,Team Meeting,weekly meeting 2:00 PM,,2026-02-10,2026-02-10,done,2,2026-02-10 13:58:07.70279+00,2026-02-10 13:58:07.70279+00,,,,,,
f9665715-91d9-4853-96fe-be86752e36ae,c0fc68a4-1170-4f8a-80f5-4ce7300dd458,Check Flags,Check the team 04 Flags sheet and remind my teammate.,,2026-02-10,2026-02-10,done,2,2026-02-10 13:58:49.801994+00,2026-02-10 13:58:49.801994+00,,,,,,
8f21b911-6f46-43cf-8620-749041cae63c,c0fc68a4-1170-4f8a-80f5-4ce7300dd458,Cover Session,Cover 5 Sessions,,2026-02-10,2026-02-10,done,2,2026-02-10 13:59:16.506244+00,2026-02-10 13:59:16.506244+00,,,,,,
49ba8296-21b2-482e-a1d5-12efdcefa54b,d0d27ad1-ba4e-4495-9c6d-8015746961fc,Cover Session,3:00,,2026-02-03,2026-02-03,done,2,2026-02-10 14:00:38.19592+00,2026-02-10 14:00:38.19592+00,,,,,,
8717461f-9837-4aed-883d-89571cec3e86,d0d27ad1-ba4e-4495-9c6d-8015746961fc,Cover Session,4:30,,2026-02-03,2026-02-03,done,2,2026-02-10 14:00:58.360842+00,2026-02-10 14:00:58.360842+00,,,,,,
2920bcaa-74ac-4c61-aa4c-f47ae52c8cbd,d0d27ad1-ba4e-4495-9c6d-8015746961fc,Cover Session,7:30,,2026-02-03,2026-02-03,done,2,2026-02-10 14:01:26.173682+00,2026-02-10 14:01:26.173682+00,,,,,,
61211eda-862f-4832-b482-b8ce0c34a236,d0d27ad1-ba4e-4495-9c6d-8015746961fc,Cover Session,9:00,,2026-02-03,2026-02-03,done,2,2026-02-10 14:01:40.465178+00,2026-02-10 14:01:40.465178+00,,,,,,
7effb995-64fa-4b63-b147-6574611a3275,d0d27ad1-ba4e-4495-9c6d-8015746961fc,Cover Session,4:30,,2026-02-06,2026-02-06,done,2,2026-02-10 14:02:09.521406+00,2026-02-10 14:02:09.521406+00,,,,,,
bb55456f-92fe-45be-8821-af4234655d19,d0d27ad1-ba4e-4495-9c6d-8015746961fc,Cover Session,6:00,,2026-02-06,2026-02-06,done,2,2026-02-10 14:02:26.841147+00,2026-02-10 14:02:26.841147+00,,,,,,
bb7b41d5-882a-4528-8482-488ecbda867d,d0d27ad1-ba4e-4495-9c6d-8015746961fc,Cover Session,4:30,,2026-02-08,2026-02-08,done,2,2026-02-10 14:03:06.366287+00,2026-02-10 14:03:06.366287+00,,,,,,
63310a37-6a13-4c2d-9aa7-dd2009308d25,d0d27ad1-ba4e-4495-9c6d-8015746961fc,Cover Session,6:00,,2026-02-08,2026-02-08,done,2,2026-02-10 14:03:23.691499+00,2026-02-10 14:03:23.691499+00,,,,,,
7b053768-b8eb-4d98-827d-f7278c32f3a0,d0d27ad1-ba4e-4495-9c6d-8015746961fc,Cover Session,7:30,,2026-02-08,2026-02-08,done,2,2026-02-10 14:03:38.896375+00,2026-02-10 14:03:38.896375+00,,,,,,
0c53419a-72ac-4368-a016-682e0f55aabc,d0d27ad1-ba4e-4495-9c6d-8015746961fc,Cover Session,9:00,,2026-02-08,2026-02-08,done,2,2026-02-10 14:03:57.717696+00,2026-02-10 14:03:57.717696+00,,,,,,
7a259717-c43e-4952-8d02-2f0e20e3c8c7,d0d27ad1-ba4e-4495-9c6d-8015746961fc,Cover Session,9:00,,2026-02-09,2026-02-09,done,2,2026-02-10 14:04:19.323431+00,2026-02-10 14:04:19.323431+00,,,,,,
43dc6b79-3164-4e57-a235-84c536a9ecfb,d0d27ad1-ba4e-4495-9c6d-8015746961fc,Cover Session,3:00,,2026-02-10,2026-02-10,done,2,2026-02-10 14:04:52.81099+00,2026-02-10 14:04:52.81099+00,,,,,,
795f1045-d307-442f-8f09-a69b54acd262,960005ff-dee1-4a44-8c11-33e13cb8ed4f,One-to-One Meeting,"مع ياسمين كانت لسة داخلة التيم جديد اتعرفنا علي بعض و شفت المشاكل ال بتواجهها و اتناقشنا فيها و اشتغلنا عليها من 2 ل 2:45",,2026-02-10,2026-02-10,done,2,2026-02-10 14:38:43.16215+00,2026-02-10 14:38:43.16215+00,,,,,,
507e4ab0-f251-41dc-aced-925616f26575,960005ff-dee1-4a44-8c11-33e13cb8ed4f,One-to-One Meeting,"مع رضوي عشان كنا محتاجين نتكلم اكتر و نتناقش في case من 2:45 ل 3:15",,2026-10-02,2026-10-02,done,2,2026-02-10 14:40:03.435948+00,2026-02-10 14:40:03.435948+00,,,,,,
48a9ec23-9531-4c8a-9c0f-fe7c5824c0ba,52262890-c566-4bb3-b1b3-9ae52851f182,Team Meeting,weekly meeting,https://zoom.us/j/7298478666,2026-02-10,2026-02-10,done,2,2026-02-10 15:17:18.43072+00,2026-02-10 15:17:18.43072+00,,,,,,
a0ac45b2-7d2c-4d0f-a325-db9f0e8741c7,52262890-c566-4bb3-b1b3-9ae52851f182,Study Plan,send study Reminder to the team,,2026-02-10,2026-02-10,done,2,2026-02-10 15:18:05.828502+00,2026-02-10 15:18:05.828502+00,,,,,,
b9cb8383-52b7-4306-834b-bc6efbb4c8c3,52262890-c566-4bb3-b1b3-9ae52851f182,Cover Session,cover 5 sessions,,2026-02-10,2026-02-10,done,2,2026-02-10 15:18:24.716422+00,2026-02-10 15:18:24.716422+00,,,,,,
0ca3a8a5-e222-4c08-a459-228f4b1dc51d,52262890-c566-4bb3-b1b3-9ae52851f182,Other,"send material Grade 1-2 L8: Parallel Sprites M2: Creative Computing (Hello World!) to rawan",,2026-02-10,2026-02-10,done,2,2026-02-10 15:19:08.889226+00,2026-02-10 15:19:08.889226+00,,,,,,
55538870-5868-4e38-ade9-e74c9c57e13e,52262890-c566-4bb3-b1b3-9ae52851f182,Cover Session,cover 5 sessions,,2026-02-09,2026-02-09,done,2,2026-02-10 15:19:35.154543+00,2026-02-10 15:19:35.154543+00,,,,,,
ea09a7e8-e45c-4552-b7bc-9b85bd3062d0,52262890-c566-4bb3-b1b3-9ae52851f182,Other,workshop announce in team 4,,2026-02-10,2026-02-10,done,2,2026-02-10 15:21:07.395227+00,2026-02-10 15:21:07.395227+00,,,,,,
0e25fb61-2920-4c32-8c81-42edf641d0ac,960005ff-dee1-4a44-8c11-33e13cb8ed4f,Check Flags,"كلهم بيسألو عن ال quality بشوف كل واحدة و ببعتلها من 4 ل 5",,2026-02-10,2026-02-10,done,3,2026-02-10 14:43:14.560142+00,2026-02-10 15:21:25.22108+00,,,,,,
bbaa6370-bdad-4b78-ae3f-b5cf4abb6b11,058d547d-0038-432f-8fc0-77aa0d1d06f7,Other,Quality Analysis Sheet,,2026-02-04,2026-02-04,done,2,2026-02-10 16:41:43.664542+00,2026-02-10 16:41:43.664542+00,,,,,,
5fdd8f37-49cf-4bbc-8e28-8f361d55ef11,0af709a7-115e-4c62-9863-c0c078daf370,Cover Session,"cover session slot 3 cover session slot 7:30 outside subteam",,2026-02-10,2026-02-10,done,2,2026-02-10 15:49:40.374038+00,2026-02-10 16:41:47.53143+00,,,,,,
2a46bb7a-425a-4ff9-84df-b278f447ec00,2da44565-25c0-4e68-b32e-80971ccd65de,Recap Session,Reviewing a tutor’s session that has a specific student case.,,2026-02-10,2026-02-10,done,2,2026-02-10 17:45:13.207373+00,2026-02-10 19:11:22.087286+00,,,,,,
2a04859a-6e95-4fbb-ac0b-216c326205cf,11dd4b0c-9af0-4901-a65a-252d72623af0,Other,Supporting the team with the needed material and answering their inquiries,,2026-02-10,2026-02-10,done,2,2026-02-10 13:13:23.358058+00,2026-02-13 12:53:01.006235+00,,,,,,
f8e51c31-c781-4a58-be81-a3f683dd9c7a,c0fc68a4-1170-4f8a-80f5-4ce7300dd458,Session Review,"Shereen Tarek had a student who was difficult to communicate with, so she asked me to review the session and provide her with feedback.",,2026-02-10,2026-02-13,done,2,2026-02-10 14:05:43.197124+00,2026-02-13 13:03:22.006526+00,,,,,,
c5752d0d-53d7-4b2c-a2c7-b24388a20ded,8f645bd2-3df6-4487-ae7b-7c49d8f1d253,Other,canva work,,2026-02-10,2026-02-13,done,3,2026-02-10 12:40:39.558326+00,2026-02-13 13:55:08.216986+00,,,,,,
4d8b09ff-339f-40ee-bea8-e7e77499bd17,8f645bd2-3df6-4487-ae7b-7c49d8f1d253,Other,canva team work,,2026-02-10,2026-02-13,in_progress,3,2026-02-10 12:41:00.443334+00,2026-02-14 16:30:41.176322+00,,,,,,
2e11f9f0-ca71-4c92-a2df-eb4c274b0c4f,76ecf920-90de-4686-858e-19a6cefcd4fb,Cover Session,"Hisham Ahmed Al-Asmar S-85543 - Grade 9 - 10 Mon 9 Feb 2026 09:00 PM active NormalenglishL1: Game physics M2: 2D Game Design With Game Engine - 2 Maryam Muhammad Ibrahim Ibrahim T-4440",,2026-02-09,2026-02-09,done,2,2026-02-10 14:48:49.747486+00,2026-02-14 19:28:33.514742+00,,,21:00,22:00,60
52cea82e-4c5e-4b17-877e-69c4745b31e3,76ecf920-90de-4686-858e-19a6cefcd4fb,Cover Session,"Adam Omar S-22698 - Grade 3 - 4 Tue 10 Feb 2026 03:00 PM active NormalenglishL11: Final project - Part 1 M2: Game Development with AI Mohamed Said Ahmed Shelf T-1356",,2026-02-10,2026-02-10,done,2,2026-02-10 14:48:25.80345+00,2026-02-14 19:28:58.347665+00,,,15:00,16:00,60
7f527883-b241-4a4a-b603-2a6fe8cb5e8d,d0d27ad1-ba4e-4495-9c6d-8015746961fc,Cover Session,7:30,,2026-02-10,2026-02-10,done,2,2026-02-10 14:05:35.756696+00,2026-02-16 17:28:22.331739+00,,,,,,
84a341f6-7bc6-45c4-92a1-cb5eb82bcff9,d0d27ad1-ba4e-4495-9c6d-8015746961fc,Cover Session,4:30,,2026-02-10,2026-02-10,done,2,2026-02-10 14:05:19.507086+00,2026-02-16 17:28:23.454859+00,,,,,,
9ac0a3a8-212d-4ee4-ae5f-3216a31a074e,d0d27ad1-ba4e-4495-9c6d-8015746961fc,Team Meeting,Discuss the quality report and the team’s flags,,2026-02-16,2026-02-16,done,2,2026-02-10 12:54:29.626322+00,2026-02-16 17:28:24.946571+00,,,,,,
d445b91c-fa1f-473a-a844-02c968f10202,52262890-c566-4bb3-b1b3-9ae52851f182,Session Review,"student attuide from tutor rawan https://zoom.us/rec/share/6m4U6MgZNK184sKyhd6zuSqQNQmhaE3UahM_6nVfs4U-POs7R8nWei33nX_0rYjz.x6K_ojrMsm4zxkKE?startTime=1770489969000 Passcode: #2@p#Ot0",https://zoom.us/rec/share/6m4U6MgZNK184sKyhd6zuSqQNQmhaE3UahM_6nVfs4U-POs7R8nWei33nX_0rYjz.x6K_ojrMsm4zxkKE?startTime=1770489969000,2026-02-09,2026-02-09,done,2,2026-02-10 15:21:59.186823+00,2026-02-10 15:21:59.186823+00,,,,,,
18b7d5b1-2d9b-4626-8a59-61d8d90c81b1,52262890-c566-4bb3-b1b3-9ae52851f182,Other,send to mentor no show task,,2026-02-10,2026-02-10,done,2,2026-02-10 15:22:49.319348+00,2026-02-10 15:22:49.319348+00,,,,,,
1b039333-5c53-4198-83c3-fefbf8404561,52262890-c566-4bb3-b1b3-9ae52851f182,Other,"send session material to aya L11: From Concept to Creation Figma Tips and TricksM4: UI / UX - 2",,2026-02-10,2026-02-10,done,2,2026-02-10 15:24:57.528288+00,2026-02-10 15:24:57.528288+00,,,,,,
fa0f8d56-da78-4adf-9197-b64df2138966,2037f361-3570-4946-9b8d-e7d24189b59e,Cover Session,4 sessions,,2026-02-09,2026-02-09,done,3,2026-02-10 15:31:53.919565+00,2026-02-10 15:31:53.919565+00,,,,,,
dbf83e39-5538-4053-9200-0a5803d33796,2037f361-3570-4946-9b8d-e7d24189b59e,Team Meeting,TL meeting caricature workshop,,2026-02-09,2026-02-09,done,3,2026-02-10 15:32:50.389634+00,2026-02-10 15:32:50.389634+00,,,,,,
69d7d19a-aa52-4e75-a4af-08b02440fe05,2037f361-3570-4946-9b8d-e7d24189b59e,One-to-One Meeting,meeting with toqa & aya,,2026-02-10,2026-02-10,done,1,2026-02-10 15:33:31.555785+00,2026-02-10 15:33:31.555785+00,,,,,,
ef41d05a-47d8-4c82-9a51-01ca945ae7de,2037f361-3570-4946-9b8d-e7d24189b59e,Session Review,cs complain for reem T-12042,,2026-02-10,2026-02-10,done,2,2026-02-10 15:34:46.55341+00,2026-02-10 15:34:46.55341+00,,,,,,
57a709d6-9175-4c2a-9262-8f68d66bee6f,2037f361-3570-4946-9b8d-e7d24189b59e,Cover Session,S-87842  covering T-4620,,2026-02-10,2026-02-10,done,3,2026-02-10 15:35:43.072609+00,2026-02-10 15:35:43.072609+00,,,,,,
9c4392c4-a040-4548-830e-13ffbe598481,5585b896-3ea3-4908-8346-cbe6e16a092e,Other,"Discussing one of the comments in the tutor's T-12215 report. T - Efficiently manage the session's timing; if the session ends early, please utilize the remaining time by providing students with extra programming activities or using the designated extra activity sheet. Spending the extra time discussing unrelated topics, such as word challenge guessing, is not allowed as it detracts from the learning objectives. T - When implementing the project, it would be beneficial to first demonstrate a portion of it. Afterward, please pause the screen sharing to give students the opportunity to work independently. This approach helps minimize distractions, allowing them to focus on their own tasks without the pressures of trying to keep up with your demonstration. slack chatting. need to watch the session will be done tomorrow inshallah.",,2026-02-09,2026-02-09,done,2,2026-02-09 16:11:43.145513+00,2026-02-10 15:59:04.48411+00,,,,,,
0dbe2268-b6c9-48d2-8fe2-49160c45c40b,5585b896-3ea3-4908-8346-cbe6e16a092e,Cover Session,"Slot 3:00 PM S-83567",,2026-02-10,2026-02-10,done,3,2026-02-10 15:59:48.962394+00,2026-02-10 15:59:48.962394+00,,,,,,
2fd90901-50f3-43bc-8816-a2808367badb,5585b896-3ea3-4908-8346-cbe6e16a092e,Cover Session,"Slot 4:30 PM S-105104 It was a live session I've joined at 4:55 PM waited till the end of the session 5:30 PM but the student didn't join with.",,2026-02-10,2026-02-10,done,3,2026-02-10 16:01:43.896671+00,2026-02-10 16:02:19.612545+00,,,,,,
430466b2-250e-4385-9db2-57771c60672b,0ecf324e-ffdf-4215-ad89-fc52bf3228bc,One-to-One Meeting,"مع هاجر T-11669 اتكلمنا عن 1- التليفون ف السيشن 2-full screen sessions 3-تشجيع الطالب 4-جزء الrecap , Q&A الطالب هو الي بيراجع علية 5-مينفعش نقول للطالب كل خطوات البروجت (كانت بتمليها) 6-كل Tab في page لوحدها 7- محتاجة تذاكر سيشن L3 M1G5 مرة تانية 8-الطالب يعمل البرزنتينشن بارت 9-نقلل مصطلحات كبيرة على سن الطالبة او نقولها بطريقة كأنها معلومة 10-ممنوع نحل التاسك الجديد مع الطالبة بنشرحه بس وقولتها ان فعلا هي مستواها كويس وان هدفنا الابجريد",,2026-02-10,2026-02-10,done,2,2026-02-10 16:17:31.66039+00,2026-02-10 16:17:31.66039+00,,,,,,
4961360c-932d-48d2-83c8-2cf1debd7664,2da44565-25c0-4e68-b32e-80971ccd65de,Other,"I reviewed the quality for each tutor, checked the comments, and sent them directly so they don’t have to wait for the report and can repeat the comments again if needed. There is only one girl whose sessions haven’t been reviewed yet.",,2026-02-10,2026-02-10,done,2,2026-02-10 16:18:17.212422+00,2026-02-10 16:20:11.931731+00,,,,,,
f25b6042-2871-4c7d-bd37-080268b05493,0ecf324e-ffdf-4215-ad89-fc52bf3228bc,One-to-One Meeting,"باهر T-12065 شوفتلوا سيشن واحدة معندوش مشاكل كبيرة 1- لازم نعمل Balance بين الكلام مع الطالب والشرح لأن ادارة الوقت ف السيشن من اهم الكومنتات الي بتيجي 2-مينفعش نعمل ice breaking 16 min 3- مينفعش نكروت السيشن 4-راجعت معاه كوالتي شهر 1 5- راجعت معاه كوالتي شهر 2 و قولتوا الكومنت الي نزلت للسيشن الي اتشافت 6-سأل عن الحوافز وفهمته بتتحسب ازاى 7- سأل عن الاجازات وفهمته اية الوضع",,2026-02-10,2026-02-10,done,2,2026-02-10 16:22:11.733944+00,2026-02-10 16:22:11.733944+00,,,,,,
c1d41af9-f38c-47c8-95b1-79629389c51d,058d547d-0038-432f-8fc0-77aa0d1d06f7,Cover Session,5 sessions,,2026-02-10,2026-02-10,done,2,2026-02-10 16:30:47.298198+00,2026-02-10 16:30:47.298198+00,,,,,,
f8efa475-b0f6-4d15-8381-424e10b73b75,058d547d-0038-432f-8fc0-77aa0d1d06f7,Cover Session,4 sessions,,2026-02-09,2026-02-09,done,2,2026-02-10 16:33:19.092889+00,2026-02-10 16:33:19.092889+00,,,,,,
9e0c210b-2394-4616-8e8e-4dc8031fd9fa,058d547d-0038-432f-8fc0-77aa0d1d06f7,Check Flags,ابلغ المنتورز اللي مقفلوش ال flags,,2026-02-08,2026-02-08,done,2,2026-02-10 16:34:36.029125+00,2026-02-10 16:34:36.029125+00,,,,,,
82926252-81a5-46ca-aa0b-2bbaae4dcf60,058d547d-0038-432f-8fc0-77aa0d1d06f7,Cover Session,5 sessions,,2026-02-08,2026-02-08,done,2,2026-02-10 16:37:33.946757+00,2026-02-10 16:37:33.946757+00,,,,,,
4d0a1fe5-85d2-4c87-bde9-498b3fa5c70b,058d547d-0038-432f-8fc0-77aa0d1d06f7,Cover Session,5 sessions,,2026-02-07,2026-02-07,done,2,2026-02-10 16:39:10.336245+00,2026-02-10 16:39:10.336245+00,,,,,,
faf45150-c9b6-4d98-a529-b8fdafe29fbc,0ecf324e-ffdf-4215-ad89-fc52bf3228bc,One-to-One Meeting,"نورهان T-4265 كانت اطول ميتنج فيهم اخدنا ساعة و 10 دقايق عشان طبعًا هي باتش قديمة ف حبيت ان الميتنج يكون فريندلي اكتر بكتير خصوصا اني متأكدة ان كل حاجة هي عارفاها ف اتكلمنا عن 1- الكوالتي والكومنتات الي بتتكررر عندها وازاى تتجنبها زي التليفون او الاتيديود او انها بتملي الولد خطوات السيشن 2-واتكلمنا ع الKpis وانها محتاجة اننا نقفلها المرة الجاية ف اتفقنا ع workshop هي هتعملها 3-راجعت معاها كوالتي شهر 1 4- راجعت معاها كوالتي شهر 2 السيشن الي نزلت والكومنت الي اتكرر",,2026-02-10,2026-02-10,done,2,2026-02-10 16:40:12.287825+00,2026-02-10 16:40:12.287825+00,,,,,,
26000885-cd28-4d5d-8af1-e847f91ff170,058d547d-0038-432f-8fc0-77aa0d1d06f7,Cover Session,2 sessions,,2026-02-04,2026-02-04,done,2,2026-02-10 16:41:06.201252+00,2026-02-10 16:41:06.201252+00,,,,,,
cb6ce51a-e17a-45aa-932b-004d387ddb29,38b09a82-449a-4bc8-be88-3db7db207770,Session Review,"ID: T-4679 Session Date: 19 Jan 2026",,2026-02-10,2026-02-10,done,1,2026-02-10 16:17:51.524194+00,2026-02-10 16:48:04.523964+00,,,,,,
927e99b7-b9d0-4513-8a02-ef4e1943dc3b,5585b896-3ea3-4908-8346-cbe6e16a092e,Other,Supporting tutors with needed materials.,,2026-02-10,2026-02-10,done,3,2026-02-10 16:02:12.338222+00,2026-02-10 20:22:00.050876+00,,,,,,
6a58172c-ddd8-4a35-876d-d986bada8d2d,2da44565-25c0-4e68-b32e-80971ccd65de,Study Plan,Making study plan to my tutors,https://docs.google.com/spreadsheets/d/1fYOOgNXgpXMq8KJf3cvvrvFc2ZQ9TNdTIRYBSOrtoIQ/edit?usp=sharing,2026-02-10,2026-02-17,done,2,2026-02-10 17:46:01.395407+00,2026-02-11 09:27:34.648073+00,,,,,,
3accab7b-5345-4038-99c0-015948a0fd7f,0af709a7-115e-4c62-9863-c0c078daf370,Other,Creating Ramadan Festival images for my team,,2026-02-10,2026-02-13,done,2,2026-02-10 16:05:27.115691+00,2026-02-13 18:27:44.47506+00,,,,,,
76aa1bfe-fc1e-4d45-927f-59eff4266d2f,058d547d-0038-432f-8fc0-77aa0d1d06f7,Team Meeting,"follow up meeting عايزين نناقش اصعب ال modules اللي بيواجهوها هنناقش module javascript",,2026-02-10,2026-02-10,done,2,2026-02-10 16:32:40.792823+00,2026-02-14 19:04:46.535087+00,,,,,,
133dd274-34d5-42a6-8945-d27dd71bea37,0af709a7-115e-4c62-9863-c0c078daf370,One-to-One Meeting,Evaluation meeting for Esraa & Sara Atef,,2026-02-15,2026-02-16,done,3,2026-02-10 15:50:55.149752+00,2026-02-15 19:28:23.476946+00,,,,,,
afb25584-f3d9-4e33-ab64-61f01fe94b85,058d547d-0038-432f-8fc0-77aa0d1d06f7,Team Meeting,"follow up meeting وضحت policies الجديدة والاجازات خدت اسئلتهم سمعت شكواهم من students وحليتها",,2026-02-03,2026-02-03,done,2,2026-02-10 16:44:47.429449+00,2026-02-10 16:44:47.429449+00,,,,,,
b6cc3544-c796-4010-b916-225a8b3e0a7b,058d547d-0038-432f-8fc0-77aa0d1d06f7,Cover Session,5 sessions,,2026-02-03,2026-02-03,done,2,2026-02-10 16:45:24.722205+00,2026-02-10 16:45:24.722205+00,,,,,,
8ec968b5-c3a1-4f14-9cb6-84126102b622,058d547d-0038-432f-8fc0-77aa0d1d06f7,Cover Session,1,,2026-02-02,2026-02-02,done,2,2026-02-10 16:46:08.247393+00,2026-02-10 16:46:08.247393+00,,,,,,
e37968ce-f9c4-4fcb-abdc-da18d783c013,058d547d-0038-432f-8fc0-77aa0d1d06f7,Cover Session,3,,2026-02-01,2026-02-01,done,2,2026-02-10 16:46:31.37255+00,2026-02-10 16:46:31.37255+00,,,,,,
bfc1522c-c03d-45ac-9ea7-b8fcd062d8d5,058d547d-0038-432f-8fc0-77aa0d1d06f7,Cover Session,5,,2026-01-31,2026-01-31,done,2,2026-02-10 16:46:58.064508+00,2026-02-10 16:46:58.064508+00,,,,,,
81dec3c4-401b-4de4-96fc-9a4c6b86798d,058d547d-0038-432f-8fc0-77aa0d1d06f7,Cover Session,2,,2026-01-28,2026-01-28,done,2,2026-02-10 16:47:47.609591+00,2026-02-10 16:47:47.609591+00,,,,,,
37059de8-63c8-4dfb-9436-bff22504dee7,058d547d-0038-432f-8fc0-77aa0d1d06f7,Cover Session,2,,2026-01-27,2026-01-27,done,2,2026-02-10 16:48:12.590631+00,2026-02-10 16:48:12.590631+00,,,,,,
004f818b-a114-4319-96b3-95451de4a918,058d547d-0038-432f-8fc0-77aa0d1d06f7,Cover Session,4,,2026-01-26,2026-01-26,done,2,2026-02-10 16:48:44.914971+00,2026-02-10 16:48:44.914971+00,,,,,,
4c15e2a1-8e38-492d-86da-63c67dd8a849,058d547d-0038-432f-8fc0-77aa0d1d06f7,Cover Session,1,,2026-01-25,2026-01-25,done,2,2026-02-10 16:49:12.28575+00,2026-02-10 16:49:12.28575+00,,,,,,
aae32919-3007-4b10-b147-00146f175afb,058d547d-0038-432f-8fc0-77aa0d1d06f7,Cover Session,5,,2026-01-24,2026-01-24,done,2,2026-02-10 16:49:37.970273+00,2026-02-10 16:49:37.970273+00,,,,,,
917164e9-e10a-4825-987c-94c70d7b899b,058d547d-0038-432f-8fc0-77aa0d1d06f7,Cover Session,4,,2026-01-21,2026-01-21,done,2,2026-02-10 16:50:08.772747+00,2026-02-10 16:50:08.772747+00,,,,,,
f978594b-3bcd-45c6-933c-753afa575743,058d547d-0038-432f-8fc0-77aa0d1d06f7,Cover Session,2,,2026-01-20,2026-01-20,done,2,2026-02-10 16:50:34.189591+00,2026-02-10 16:50:34.189591+00,,,,,,
a3fc8e60-017e-460b-973e-df94f2c4b996,0ecf324e-ffdf-4215-ad89-fc52bf3228bc,Session Review,"Iman T-11741 1- فتحت الداشبورد 3 مرات قدام الطالب وولي الامر 2-دخلت قبل السيشن ب 5 دقايق مش 10 دقايق (او بدأت بدري) 3-no full screen 4-كل الTabs في نفس الpage 5-no ice breaking 6- بتشغل الفيديو جوا السيشن ومش بتشرحه 7-بتشغل الفيديو وتمسك التليفون جوا السيشن لحد ما الفديو يخلص 8-الكاميرا مش جايبة وشها كله ووضع الكاميرا مش ثابت وهي بتتحرك كتير جدا 9-بتبعت الللينك للولد ع الكميونتي وهي فاتحة الشير ف بيشوف الداشبورد بدل ما بتعته جوا زوم 10-الطالب الي معاها مش محمل زوم وهي محتاجة تقولوا يحمله 11-ولي الامر هو الي رفع البروجكت مش الطالب 12-قفلت كاميرا ومايك وسابت السيشن وقامت من الدقيقة 54:00 ---> 56:00 13- محتتاجة تدرب اكتر ع الانجلش 14-تتأكد ان الابتوب متوصل بالشاحن طول السيشن شوفت سيشن واحدة",,2026-02-09,2026-02-09,done,2,2026-02-10 16:50:16.415747+00,2026-02-10 16:50:37.046423+00,,,,,,
b5176813-cc56-444c-929f-bea7b0ce219f,0ecf324e-ffdf-4215-ad89-fc52bf3228bc,Session Review,"Hajar T- 11669 1-No Full Screen 2-No ice breaking 3-no eye contact 4-هي الي بتجاوب ع الريكاب وال Q&A 5-بتقول للطالبة الخطوات كلها 6-command screen not available 7- كل Tab في صفحة لوحدها 8-بتحل التاسك بتاع السيشن لاجاية مع الطالبة 9-بتمسك التلييفون تراجع منه السيشن 10-مش بتستنى الطالب يرد علهيا راجعتلها 2 سيشن",,2026-02-09,2026-02-09,done,2,2026-02-10 16:44:08.93603+00,2026-02-10 16:50:43.849531+00,,,,,,
e00d3a4d-c87b-4d30-b5c3-95c60ebf1d0e,058d547d-0038-432f-8fc0-77aa0d1d06f7,Cover Session,2,,2026-01-19,2026-01-19,done,2,2026-02-10 16:51:00.150987+00,2026-02-10 16:51:00.150987+00,,,,,,
cbd5db8d-0de1-4706-bdbe-2e7500731394,058d547d-0038-432f-8fc0-77aa0d1d06f7,One-to-One Meeting,"T-12133 كان عندها مشكلة في سيشن 7 JS 2:00 to 2:55",,2026-01-31,2026-01-31,done,2,2026-02-10 16:53:04.229223+00,2026-02-10 16:53:04.229223+00,,,,,,
a0a58e3b-77c9-4400-a9ee-965da8e23c33,058d547d-0038-432f-8fc0-77aa0d1d06f7,One-to-One Meeting,"T-12133 كان عندها مشكلة في سيشن 10 Dart",,2025-12-29,2025-12-29,done,2,2026-02-10 16:54:33.815767+00,2026-02-10 16:54:33.815767+00,,,,,,
95142e9a-aed0-47d5-a6cf-6a7adc3331b8,ebf46837-d9bd-46c5-ab0d-f264e608dd7a,Cover Session,"3, 7:30 and 9 i also got an excuse for session 6",,2026-02-09,2026-02-09,done,3,2026-02-10 16:58:10.645783+00,2026-02-10 16:58:20.631324+00,,,,,,
f7a8e0a6-4a5a-4c79-867e-4d59f4c927ee,058d547d-0038-432f-8fc0-77aa0d1d06f7,One-to-One Meeting,"T-12083 كان عندها مشكلة في time management during sessions",,2026-01-03,2026-01-03,done,2,2026-02-10 16:59:09.011322+00,2026-02-10 16:59:09.011322+00,,,,,,
0b5b33a6-fb56-4b20-8378-d92e831d6122,ebf46837-d9bd-46c5-ab0d-f264e608dd7a,Other,i did attend the hr meeting from 2-3,,2026-02-10,2026-02-10,done,2,2026-02-10 16:59:20.364525+00,2026-02-10 16:59:20.364525+00,,,,,,
efb4a010-134c-4b1c-8f8a-78afee1a4991,058d547d-0038-432f-8fc0-77aa0d1d06f7,Session Review,2 sessions for T-1175,,2026-01-13,2026-01-13,done,2,2026-02-10 17:17:42.211796+00,2026-02-10 17:17:42.211796+00,,,,,,
e3a7cad9-fdcd-4a30-b8ab-0add235e89c1,058d547d-0038-432f-8fc0-77aa0d1d06f7,Session Review,2 sessions for T-12051,,2026-02-02,2026-02-02,done,2,2026-02-10 17:19:24.546715+00,2026-02-10 17:19:24.546715+00,,,,,,
834ba183-c006-49b6-a0b6-69adb6627574,0ecf324e-ffdf-4215-ad89-fc52bf3228bc,Session Review,"باهر T-12065 شوفت سيشن واحدة 1- اخد 16 دقيقة ice breaking 2- شرح السيشن في تقريبا 35 دقيقة (كروتها ) 3- اتبقى وقت ف اخر السيشن ف حمل معاها منه الفيجما",,2026-02-09,2026-02-09,done,2,2026-02-10 17:31:58.484616+00,2026-02-10 17:31:58.484616+00,,,,,,
f8dc18be-03a0-4793-a2cc-da2606a2d3b8,0ecf324e-ffdf-4215-ad89-fc52bf3228bc,One-to-One Meeting,"Zaid T-12175 هننناقش الكوالتي وهراجعله سيشن",,2026-02-11,2026-02-11,done,2,2026-02-10 17:33:53.682671+00,2026-02-11 14:12:16.25919+00,,,,,,
2b267b2a-6bb0-448e-9f5d-bf66899cb59c,0ecf324e-ffdf-4215-ad89-fc52bf3228bc,Session Review,"iman T-11741 هراجع سيشن لإيمان *** After edit نفس المشاكل كلمتها تضبط مواضيع معينة لحد ميتنج بكرا",,2026-02-10,2026-02-11,done,2,2026-02-10 17:35:35.234014+00,2026-02-10 19:53:34.534463+00,,,,,,
8977f3e0-38ca-4bca-a3d6-6600cd2720a5,38b09a82-449a-4bc8-be88-3db7db207770,Session Review,"ID: T-8804 Session Date: 2 Feb 2026",,2026-02-10,2026-02-10,done,1,2026-02-10 18:23:23.921888+00,2026-02-10 18:23:23.921888+00,,,,,,
2831fa7f-a6c3-4d38-9cb4-7ce8fac7d260,10dddfcd-487c-4fdf-b1df-19952e29a06a,Cover Session,2 sessions,,2026-02-10,2026-02-10,done,2,2026-02-10 19:26:00.519776+00,2026-02-10 19:26:00.519776+00,,,,,,
11e6d7f5-dbce-4fdf-9b46-34ca4d57b577,2037f361-3570-4946-9b8d-e7d24189b59e,One-to-One Meeting,January evaluation meeting with T-1814,,2026-02-10,2026-02-10,done,1,2026-02-10 18:33:16.323131+00,2026-02-10 18:33:16.323131+00,,,,,,
ee7619d0-c1da-4bbf-9dc1-54a1af67f154,2037f361-3570-4946-9b8d-e7d24189b59e,One-to-One Meeting,January evaluation meeting with T-1798,,2026-02-10,2026-02-10,done,1,2026-02-10 18:33:34.095606+00,2026-02-10 18:33:34.095606+00,,,,,,
0a591bd7-c7b7-471d-8d25-d093b63f00c9,52262890-c566-4bb3-b1b3-9ae52851f182,Other,sent no show to alaa saber,,2026-02-10,2026-02-10,done,2,2026-02-10 18:50:49.430177+00,2026-02-10 18:50:49.430177+00,,,,,,
24653ce0-586a-49f9-a8da-fac02d6be832,52262890-c566-4bb3-b1b3-9ae52851f182,Other,sent no show to jaklin,,2026-02-10,2026-02-10,done,2,2026-02-10 18:51:09.675025+00,2026-02-10 18:51:09.675025+00,,,,,,
1a4a25b9-ad03-4405-8eaa-937e9b5512f0,c1402d6f-183f-4afe-af13-6319784141e9,Cover Session,4 sessions,,2026-02-10,2026-02-10,done,3,2026-02-10 18:58:47.44982+00,2026-02-10 18:58:47.44982+00,,,,,,
3e4be700-582e-43cc-9c84-bf891e134fe6,c1402d6f-183f-4afe-af13-6319784141e9,One-to-One Meeting,"with Ahmed Hesham working on task",,2026-02-10,2026-02-10,done,4,2026-02-10 19:00:41.411172+00,2026-02-10 19:00:41.411172+00,,,,,,
5410c0e4-8f0f-422a-b8be-4329027f028b,97d1ff5c-bd83-4687-8276-fa161cefaba0,Cover Session,cover 1 session,,2026-02-10,2026-02-10,done,2,2026-02-10 19:00:49.696579+00,2026-02-10 19:00:49.696579+00,,,,,,
a485bf48-0142-4e00-8743-7898eaec84d3,0af709a7-115e-4c62-9863-c0c078daf370,Cover Session,session 9 outside subteam,,2026-02-10,2026-02-10,done,2,2026-02-10 19:02:48.146815+00,2026-02-10 19:02:48.146815+00,,,,,,
82d10b8c-a203-41e6-a74d-5088db57f6f1,d0d27ad1-ba4e-4495-9c6d-8015746961fc,Cover Session,9:00,,2026-02-10,2026-02-10,done,2,2026-02-10 19:00:21.816707+00,2026-02-16 17:28:18.964024+00,,,,,,
b48dbb82-a16f-48c1-ae98-b34ae4877324,0ecf324e-ffdf-4215-ad89-fc52bf3228bc,One-to-One Meeting,"T-11741 Iman هراجع معاها سيشن لي انا شوفتها ------------------------- after edit استمعت لكل تعليقاتي و بليل هشوفلها سسيشن اتاكد ان كل حاجة ضبطت اتكلمت معاها عن Update Rule Quality control Session Tips Leaves Kpis",,2026-02-11,2026-02-11,done,2,2026-02-10 17:32:59.547417+00,2026-02-11 15:08:49.520332+00,,,,,,
fafd1ab8-651f-44da-81b7-7d567b69b2c7,52262890-c566-4bb3-b1b3-9ae52851f182,Team Meeting,ai workshop to all team 4 by reem atef,,2026-02-15,2026-02-15,done,3,2026-02-10 18:51:49.031175+00,2026-02-15 14:58:12.557914+00,,,,,,
5dcad725-cda5-4c36-b198-766a3858e492,0af709a7-115e-4c62-9863-c0c078daf370,Other,Creating a workshop with my team next week,,2026-02-10,2026-02-15,done,3,2026-02-10 17:42:12.221142+00,2026-02-15 19:28:14.741135+00,,,,,,
cda088c2-8326-45f8-8bed-7aafdd32ed89,960005ff-dee1-4a44-8c11-33e13cb8ed4f,Recap Session,محتاجة اراجع سيشن لياسمين عندها مشكلة مع الطالب انه مش  مناسب لل grade و اتناقشنا ف عايزة اتفرج عشان احاول اساعدها بشكل احسن,,2026-02-10,2026-02-10,done,3,2026-02-10 15:28:18.372968+00,2026-02-10 19:46:17.930893+00,,,,,,
17f1f064-fb5d-40f6-93f1-885926970ed1,960005ff-dee1-4a44-8c11-33e13cb8ed4f,One-to-One Meeting,"مع سارة علاء لمراجعة ال comments من 9 الا ربع ل 9 و نص تقريبا",,2026-02-10,2026-02-10,done,3,2026-02-10 19:47:18.459485+00,2026-02-10 19:47:18.459485+00,,,,,,
01ca4271-46dd-4b70-b3bd-8f6cd84bdb49,0ecf324e-ffdf-4215-ad89-fc52bf3228bc,Session Review,"T-11669 هاجر هراجعها سيشن كمان عشان اتأكد انها ضبطت الي قولناه *** after edit رائعةةة ضبطت كل حاجة معندهاش غلطة واحدة وكلة حلو جدا",,2026-02-10,2026-02-11,done,2,2026-02-10 17:53:13.145985+00,2026-02-10 19:52:56.924567+00,,,,,,
4aec6374-eced-4b19-8a08-ee28d411ee0a,316e69c6-4baa-49c3-aec7-eef97b2756ee,Cover Session,"فارس محمد عبدالعظيم عبدالغني S-84399 - Grade 9 - 10",,2026-02-10,2026-02-10,done,3,2026-02-10 20:16:29.30508+00,2026-02-10 20:16:29.30508+00,,,,,,
2016f8aa-c4ec-4f42-b5a0-7d65857582c9,316e69c6-4baa-49c3-aec7-eef97b2756ee,Cover Session,"Adam Ibrahim Abbas S-346059 - Grade 9 - 10",,2026-02-10,2026-02-10,done,3,2026-02-10 20:16:46.812115+00,2026-02-10 20:16:46.812115+00,,,,,,
c8b5b792-28fc-40ee-ae17-5c5c6811e9f6,c1402d6f-183f-4afe-af13-6319784141e9,Other,Sending No show cases,,2026-02-10,2026-02-10,done,4,2026-02-10 20:16:47.29962+00,2026-02-10 20:16:47.29962+00,,,,,,
9f5868fa-21e5-4619-a85e-46e002867003,5585b896-3ea3-4908-8346-cbe6e16a092e,Cover Session,"Slot 7:30 PM S-224220",,2026-02-10,2026-02-10,done,3,2026-02-10 20:22:58.680292+00,2026-02-10 20:22:58.680292+00,,,,,,
a38fa082-86d8-4dcb-b7ed-89a34fe2c151,5585b896-3ea3-4908-8346-cbe6e16a092e,Cover Session,"Slot 9:00 PM S-217469",,2026-02-10,2026-02-10,done,3,2026-02-10 20:23:40.840625+00,2026-02-10 20:23:40.840625+00,,,,,,
45e6da78-0412-4ecc-979a-286662eea73b,2da44565-25c0-4e68-b32e-80971ccd65de,Other,Organizing messages for each slot,,2026-02-11,2026-02-11,done,2,2026-02-11 09:27:09.010963+00,2026-02-11 09:27:09.010963+00,,,,,,
7e79a875-c8dc-49e4-9c89-8fb408657e70,5585b896-3ea3-4908-8346-cbe6e16a092e,Session Review,"Student ID: S-320514 case: The student is very clever and able to pick up new concepts quickly, However her technical difficulties make it impossible for her to understand the session well. The student's computer is very old or very weak which makes it hard for the student to use the teaching software. In this session she tried using the body detection extension in Pictoblox but it took so long loading and after that it did not work and made her computer non responsive which caused her to disconnect from the session. After that, she tried connecting twice but both times her camera and Microphone were turned off.  So we could not finish the project implementation section or any section after it. These issues occur in most of her sessions which makes it very hard for her to grasp the session's material, which in turn makes it hard for her to understand new concepts that are built upon the old material.",https://zoom.us/rec/play/5ekDKhzLX2898kkYKznzHx6awjhy69D6MC0PuI9-S3lvDEyujacjxNdvPjqnb3nNyo7xdab2ddpR3I_x.avFH88FA6bi3NOZD?autoplay=true&startTime=1770743871000,2026-02-11,2026-02-11,done,3,2026-02-11 12:47:54.345592+00,2026-02-11 12:47:54.345592+00,,,,,,
25d93e9f-c690-4aaa-8247-0570ee8345c0,0ecf324e-ffdf-4215-ad89-fc52bf3228bc,Session Review,"zaid  T-12175 // راجعتله سيشن مستواه حلو جدا بس 1-مخلاش الطالب يطبق البرزنيتشن ع  كانفا 2-يشرب ميا ف مج 3- كاميرا الطالب كانت مقفولة 4-مينخليش التاسك ياخد وقت اكتر من الازم 5-عمل skip presentation slides -------------- after edit اتكلمنا عن الكوالتي وناقشت معاه كوالتي شهر 1 و 2 وراجعتله سيشن و ناقشت النقط فيها اتكلمت معاه عن الاجازات و انه جاله نو شو واتكلمت معاه عن الStudent cases الي عنده وانه عايز في الStudy plan ياخد Minecraft",,2026-02-10,2026-02-11,done,2,2026-02-10 17:34:59.871614+00,2026-02-11 14:14:23.697551+00,,,,,,
2be299a8-04f6-4422-afef-8800eece92fb,0ecf324e-ffdf-4215-ad89-fc52bf3228bc,Recap Session,"Student case هراجع السيشن لباهر  عشان بلغني ان حصل فيها مشاكل T-12065 Baher Mohamed Zakaria Elgobashi",,2026-02-11,2026-02-18,done,1,2026-02-11 16:46:24.204603+00,2026-02-11 17:22:49.642671+00,,,,,,
23abc60b-9d63-480e-9e4d-61b49ebe7af3,0ecf324e-ffdf-4215-ad89-fc52bf3228bc,Other,Student channel check,,2026-02-11,2026-02-18,done,1,2026-02-11 15:12:13.127275+00,2026-02-11 15:41:33.773702+00,,,,,,
f059413b-4aac-4a3f-b86f-8b360cb3d11d,5585b896-3ea3-4908-8346-cbe6e16a092e,Cover Session,"Slot 3:00 PM S-D5017",,2026-02-11,2026-02-11,done,3,2026-02-11 16:04:07.698805+00,2026-02-11 16:04:07.698805+00,,,,,,
310c4933-1837-4574-ad15-20d7fc73ce43,5585b896-3ea3-4908-8346-cbe6e16a092e,Cover Session,"Slot 4:30 PM S-307380",,2026-02-11,2026-02-11,done,3,2026-02-11 16:04:36.16745+00,2026-02-11 16:04:36.16745+00,,,,,,
8ac14633-88b6-4b8c-963f-5e4be947c14c,5585b896-3ea3-4908-8346-cbe6e16a092e,Other,"Giving T-12228 tips to be able to study M1 in Godot for sessions 3 & 4.",,2026-02-11,2026-02-11,done,2,2026-02-11 16:05:51.519733+00,2026-02-11 16:05:51.519733+00,,,,,,
6d2868c4-3524-4ffe-a082-bd7d02e1197d,97d1ff5c-bd83-4687-8276-fa161cefaba0,Team Meeting,meeting with my team about new members,https://zoom.us/rec/share/72KU-GkteNW0kIPBwdAGTb78JQCDU1tBa1vmmuUeMISSbSo3R2Y1VORVp2DPr635.RZgWcI9jCJ2Yg6VQ  Passcode: DDfS8^DK,2026-02-11,2026-02-11,done,2,2026-02-11 16:29:21.6151+00,2026-02-11 16:29:21.6151+00,,,,,,
4640d380-cce7-4f4e-8e40-3c4f90ff6678,97d1ff5c-bd83-4687-8276-fa161cefaba0,Other,prepare sheet for my team's requests,https://docs.google.com/spreadsheets/d/1tBuGPWzpqdjVpndGCqoKWHulsr9nu4647UP4BB1vHrQ/edit?gid=700931078#gid=700931078,2026-02-11,2026-02-11,done,2,2026-02-11 16:30:47.235023+00,2026-02-11 16:30:47.235023+00,,,,,,
2c39e013-dbd7-4f08-b7c0-687ff57ff022,97d1ff5c-bd83-4687-8276-fa161cefaba0,Other,added new members,,2026-02-11,2026-02-11,done,2,2026-02-11 16:31:24.29579+00,2026-02-11 16:31:24.29579+00,,,,,,
c504c170-36fa-45cc-b409-e6f01f5a2717,97d1ff5c-bd83-4687-8276-fa161cefaba0,Other,sending no show deducted to team,,2026-02-11,2026-02-11,done,2,2026-02-11 16:32:38.402823+00,2026-02-11 16:32:38.402823+00,,,,,,
c6ca5972-e002-4af7-adbc-cfba35f8d3b1,0ecf324e-ffdf-4215-ad89-fc52bf3228bc,Study Plan,study plan for the team,,2026-02-11,2026-02-18,done,1,2026-02-11 15:09:28.360053+00,2026-02-11 16:44:29.138288+00,,,,,,
0abe9b89-84af-4028-a421-2d3364bd6172,0ecf324e-ffdf-4215-ad89-fc52bf3228bc,Session Review,"Iman T-11741 اتاكدا نها مشيت ع خطوات السيشن",,2026-02-11,2026-02-18,done,2,2026-02-11 15:10:19.560603+00,2026-02-11 17:32:47.774808+00,,,,,,
f0ed3af2-b10d-43eb-b7ae-e6de8b4ce2c1,5585b896-3ea3-4908-8346-cbe6e16a092e,Cover Session,"Slot 7:30 PM S-D4462",,2026-02-11,2026-02-11,done,3,2026-02-11 18:46:22.119662+00,2026-02-11 18:46:22.119662+00,,,,,,
47189c1c-a438-4877-941d-63929edf419d,5585b896-3ea3-4908-8346-cbe6e16a092e,Cover Session,"Slot 9:00 PM S-106787",,2026-02-11,2026-02-11,done,3,2026-02-11 21:06:03.129544+00,2026-02-11 21:06:03.129544+00,,,,,,
b8e94eb7-9a1f-4fef-b5dd-c2c3962b9c4a,5585b896-3ea3-4908-8346-cbe6e16a092e,Other,Supporting the team with needed materials,,2026-02-11,2026-02-11,done,3,2026-02-11 21:06:48.884202+00,2026-02-11 21:06:48.884202+00,,,,,,
6e2d69d0-20c9-4019-9a8c-c620d8bc47ac,8bbfaf3e-70d2-46f4-8748-47e04282553d,Cover Session,Covering 4 sessions,,2026-02-10,2026-02-10,done,2,2026-02-12 13:27:00.039171+00,2026-02-12 13:27:00.039171+00,,,,,,
95fa46fd-2c08-4c98-977a-567916d50f8d,38b09a82-449a-4bc8-be88-3db7db207770,Session Review,"ID: T-8718 Student ID:  S-262434 Session Date: 31 Jan 2026 caused Feb Quality -> 85%",,2026-02-13,2026-02-14,done,3,2026-02-10 19:31:36.439164+00,2026-02-12 15:59:15.734999+00,,,,,,
92281a4e-b823-4d67-b244-bc780d0b8dc9,45620717-bd9b-45ba-8265-b85af82e7796,Team Meeting,Hr Meeting,,2026-02-10,2026-02-10,done,3,2026-02-12 17:40:03.159366+00,2026-02-12 17:40:03.159366+00,,,,,,
6022fc99-7080-4d88-885b-b68d9f3725f8,45620717-bd9b-45ba-8265-b85af82e7796,Other,The session reminder was prepared and shared on Slack,,2026-02-10,2026-02-10,done,2,2026-02-12 17:43:43.62602+00,2026-02-12 17:43:43.62602+00,,,,,,
d65715cd-821a-4772-89d7-101f6acee93d,aee27be4-c0ae-46a4-a946-97ac2b9f3eb3,Cover Session,"coversessions Cover Sessions: 4:30 PM, 6:00 PM, 3:00 PM",,2026-02-13,2026-02-13,done,2,2026-02-12 23:45:12.060736+00,2026-02-12 23:45:12.060736+00,,,,,180
5dfd1500-2821-45b7-b226-04708373ef55,aee27be4-c0ae-46a4-a946-97ac2b9f3eb3,One-to-One Meeting,test,,2026-02-13,2026-02-13,todo,2,2026-02-12 23:46:31.76825+00,2026-02-12 23:46:31.76825+00,,,14:00,14:30,30
8e8ba107-aa2c-4d6d-b2bb-1a3c0c898e2a,97d1ff5c-bd83-4687-8276-fa161cefaba0,Cover Session,cover session 7:30,,2026-02-11,2026-02-11,done,2,2026-02-11 16:31:59.406116+00,2026-02-15 12:35:30.843604+00,,,,,,
f6332859-22d4-4ffb-bd3b-9da022191653,38b09a82-449a-4bc8-be88-3db7db207770,Team Meeting,"To cover some quality tips and tricks Ahmed Elsayed was on emergency leave Mohamed Hamed Darder Didn't attend",https://zoom.us/recording/detail?meeting_id=%2FSECRIlkQW2DOTJPQzntsQ%3D%3D,2026-02-13,2026-02-17,done,2,2026-02-12 16:03:54.194932+00,2026-02-16 13:12:19.145743+00,,,,,,
8d766c9d-db99-46b5-8460-4467805fe175,45620717-bd9b-45ba-8265-b85af82e7796,Other,The session reminder was prepared and shared on Slack,,2026-02-13,2026-02-13,done,2,2026-02-13 10:34:37.5165+00,2026-02-13 10:34:37.5165+00,,,,,,
79377007-d11a-4ac9-b82e-5a16e905eea2,c3251261-cbc7-4bba-a6e8-17a947cf74ae,Cover Session,"assigned at 3:00 pm Cover Sessions: 3:00 PM",,2026-02-10,2026-02-10,done,4,2026-02-13 10:40:43.957161+00,2026-02-13 10:40:43.957161+00,,,,,60
e2e84136-5cd6-47ff-b41c-1290bb7f3c25,c3251261-cbc7-4bba-a6e8-17a947cf74ae,Cover Session,". Cover Sessions: 4:30 PM",,2026-02-10,2026-02-10,done,3,2026-02-13 10:41:23.692457+00,2026-02-13 10:41:23.692457+00,,,,,60
1ca2fe62-1e91-4a74-b9ad-3ad9bfb4a8b9,c3251261-cbc7-4bba-a6e8-17a947cf74ae,Cover Session,". Cover Sessions: 6:00 PM",,2026-02-10,2026-02-10,done,3,2026-02-13 10:41:56.871717+00,2026-02-13 10:41:56.871717+00,,,,,60
b031f031-6353-4a66-8e93-cc117fbe6f45,c3251261-cbc7-4bba-a6e8-17a947cf74ae,Cover Session,". Cover Sessions: 7:30 PM",,2026-02-10,2026-02-10,done,3,2026-02-13 10:42:20.851509+00,2026-02-13 10:42:20.851509+00,,,,,60
77b7ad0f-4bc0-4b19-9de1-69e7be8f511e,c3251261-cbc7-4bba-a6e8-17a947cf74ae,Cover Session,". Cover Sessions: 3:00 PM",,2026-02-09,2026-02-09,done,3,2026-02-13 10:44:38.482772+00,2026-02-13 10:44:38.482772+00,,,,,60
1cd6b916-5dd5-4bd3-bdaa-9a5f4ea87b3f,8bbfaf3e-70d2-46f4-8748-47e04282553d,One-to-One Meeting,Evaluation meeting for Jan report with Fadwa Radwan,,2026-02-13,2026-02-13,done,2,2026-02-13 11:00:17.618987+00,2026-02-13 11:00:17.618987+00,,,13:00,13:30,30
b84d26ec-5497-4e8a-b164-78d927595c19,8bbfaf3e-70d2-46f4-8748-47e04282553d,One-to-One Meeting,Evaluation meeting for Jan report with Steven Hany,,2026-02-13,2026-02-13,done,2,2026-02-13 11:00:54.015938+00,2026-02-13 11:02:26.287225+00,,,13:30,14:00,30
13b9977a-8721-46e9-a393-34728de45550,45620717-bd9b-45ba-8265-b85af82e7796,Check Flags,Check new yellow flags,,2026-02-13,2026-02-13,done,3,2026-02-13 10:32:09.793239+00,2026-02-13 11:30:18.833076+00,,,13:30,,
a8439d4e-a643-43a4-bd4d-a88067134ee7,45620717-bd9b-45ba-8265-b85af82e7796,Session Review,Review Alaa Ali's session to validate the flag,,2026-02-13,2026-02-13,done,3,2026-02-13 10:33:43.054627+00,2026-02-13 11:30:41.456111+00,,,14:00,,
26747601-535c-4769-a487-e41717f6f49f,5e79744b-61bd-4698-9823-bc234914d767,Other,HR meeting,,2026-02-08,2026-02-08,done,2,2026-02-13 12:27:58.976447+00,2026-02-13 12:27:58.976447+00,,,14:00,15:00,60
807fb618-ffe0-4356-8937-2cded7d73d32,5e79744b-61bd-4698-9823-bc234914d767,Other,HR meeting,,2026-02-10,2026-02-10,done,2,2026-02-13 12:28:44.301677+00,2026-02-13 12:28:44.301677+00,,,14:00,15:00,60
5c3b9093-d598-4e38-b54b-ddbaf72a7f65,38b09a82-449a-4bc8-be88-3db7db207770,One-to-One Meeting,"With: T-8744 To fix a small issue in the new slides in his browser",,2026-02-13,2026-02-13,done,4,2026-02-13 12:30:04.479791+00,2026-02-13 12:30:04.479791+00,,,14:22,14:27,5
449df9fb-3b1d-4ad8-a06d-a9f6c7d40a4e,5e79744b-61bd-4698-9823-bc234914d767,Team Meeting,Meeting with TL Nada,,2026-02-09,2026-02-09,done,3,2026-02-13 12:41:41.285734+00,2026-02-13 12:41:41.285734+00,,,14:00,15:00,60
9d4ad0af-cc59-4763-91ec-2b98e4babc07,5e79744b-61bd-4698-9823-bc234914d767,Team Meeting,Meeting With TL Nada and TL Anan,,2026-02-07,2026-02-07,done,3,2026-02-13 12:43:47.471504+00,2026-02-13 12:43:47.471504+00,,,14:00,15:00,60
53fa92b1-21ad-4157-ae13-89af85b5a9dd,5e79744b-61bd-4698-9823-bc234914d767,Team Meeting,"sub team meeting team-10-d to discuss how to improve the quality and KPIs",,2026-02-10,2026-02-10,done,3,2026-02-13 12:46:36.107455+00,2026-02-13 12:46:36.107455+00,,,01:00,14:00,780
a9fd0301-8e8e-4b72-b6bb-18801f9d7e68,5e79744b-61bd-4698-9823-bc234914d767,Cover Session,"cover session out of my team Cover Sessions: 9:00 PM",,2026-02-11,2026-02-11,done,4,2026-02-13 12:54:56.891482+00,2026-02-13 12:54:56.891482+00,,,,,60
b549ebea-221b-4a52-a01d-4e47e007c43c,5f193202-62b8-4a1a-96c2-8599bfd076ca,Cover Session,"Cover Session Cover Sessions: 3:00 PM",,2026-02-13,2026-02-13,done,3,2026-02-13 12:39:18.923655+00,2026-02-16 14:37:59.115177+00,,,,,60
7265a0ee-93ef-42ce-9649-64ea53e46bd3,c1402d6f-183f-4afe-af13-6319784141e9,Team Meeting,Meeting with new mentors in Team4,https://meet.google.com/rgp-xgok-jtz,2026-02-13,2026-02-13,done,4,2026-02-13 13:01:26.199994+00,2026-02-13 13:01:26.199994+00,,,14:25,15:45,80
79da2fc1-1f63-41e3-9dfa-fb0e21ee16b7,6345052b-8082-42f6-af04-1e0bd9a21d5b,Other,"-schedule slot messages -call new tutors",,2026-02-13,2026-02-13,done,3,2026-02-13 12:15:30.040933+00,2026-02-13 13:02:00.198083+00,,,,,,
7a887495-9a80-41c7-9691-5b478765d881,c0fc68a4-1170-4f8a-80f5-4ce7300dd458,Check Flags,Check the Team 04 Flags Sheet and remind my teammate,,2026-02-13,2026-02-13,done,2,2026-02-13 13:04:35.624116+00,2026-02-13 13:04:35.624116+00,,,15:00,15:30,30
c02333da-18b3-4e99-8b1a-aad66f61d9de,c0fc68a4-1170-4f8a-80f5-4ce7300dd458,Check Flags,Send Flags to Ahmed Kamel,,2026-02-13,2026-02-13,done,2,2026-02-13 13:06:31.093995+00,2026-02-13 13:06:31.093995+00,,,15:05,15:31,26
bbd8cff8-2611-483e-aaf4-28d42cb46a55,c0fc68a4-1170-4f8a-80f5-4ce7300dd458,One-to-One Meeting,Evaluation Meeting with Youssef Samy,https://zoom.us/j/95763229807,2026-02-13,2026-02-13,done,2,2026-02-13 13:56:52.037826+00,2026-02-13 14:24:04.236496+00,,,16:00,16:30,30
fbcc6638-2586-474e-ab53-18aa566723d7,188360e8-9c42-43db-b011-b10a443d51bd,Cover Session,"I have 2 sessions today Cover Sessions: 6:00 PM, 9:00 PM",,2026-02-13,2026-02-13,done,3,2026-02-13 11:52:19.280535+00,2026-02-13 20:05:54.906838+00,,,,,,
4ca63e42-b22e-4ee0-b584-67ce98b50c3a,c0fc68a4-1170-4f8a-80f5-4ce7300dd458,Other,Adding Alaa Saber to my Group channel,,2026-02-13,2026-02-13,done,2,2026-02-13 13:35:34.381177+00,2026-02-13 13:35:34.381177+00,,,15:35,15:35,
3ccb7b1a-82d6-4f2f-b1c2-d9fca9098b37,38b09a82-449a-4bc8-be88-3db7db207770,One-to-One Meeting,"With Ahmed el sayd -> T-8718 For the quality score of February 2026",,2026-02-13,2026-02-16,done,3,2026-02-12 16:02:23.869673+00,2026-02-13 13:41:37.960953+00,,,,,,
8a426550-33ea-4bae-b3a6-f396a7527ac3,c1402d6f-183f-4afe-af13-6319784141e9,Other,sending quality comments to tutors,,2026-02-13,2026-02-13,done,3,2026-02-13 13:59:23.753793+00,2026-02-13 13:59:23.753793+00,,,15:30,16:00,30
5682124b-9673-4734-a764-b533218909d6,c1402d6f-183f-4afe-af13-6319784141e9,Other,Send monthly development plan reminder .,,2026-02-13,2026-02-13,done,3,2026-02-13 14:00:41.255369+00,2026-02-13 14:00:41.255369+00,,,14:00,14:15,15
bd583b8f-c0a5-4e73-9d21-9125e63d78d9,188360e8-9c42-43db-b011-b10a443d51bd,Other,check study plan with tutors,,2026-02-14,2026-02-14,done,3,2026-02-13 20:18:25.703315+00,2026-02-14 20:07:36.818395+00,,,,,,
50d6c40f-0efd-4c4e-9b80-02fac8081592,45620717-bd9b-45ba-8265-b85af82e7796,Other,assist tutors,,2026-02-13,2026-02-13,done,4,2026-02-13 15:12:57.05265+00,2026-02-13 15:13:04.709225+00,,,14:55,,
d4fc07ff-11ba-42cb-9c2a-59e4b95dc6b1,8f33f62c-b915-40ed-8129-d2b60864e017,Other,Study check and reminders,,2026-02-13,2026-02-13,done,2,2026-02-13 15:13:34.080659+00,2026-02-13 15:13:34.080659+00,,,,,,
df60f8b1-af3c-4440-a15a-e98b162c77d9,c80a2219-df11-4617-9221-4a0715234c79,Cover Session,"The tutor mohamed abdulah had a problem with his laptop and didn't solved and the other two tutors took emergency leave (Salma Khaled, Soad Omar) Cover Sessions: 3:00 PM, 6:00 PM, 9:00 PM, 4:30 PM, 7:30 PM",,2026-02-07,2026-02-07,done,2,2026-02-13 15:44:28.164838+00,2026-02-13 15:44:28.164838+00,,,,,300
b260c76a-8769-4878-a96b-25b9959ab04c,11dd4b0c-9af0-4901-a65a-252d72623af0,Cover Session,"S-85510 Cover Sessions: 3:00 PM",,2026-02-13,2026-02-13,done,3,2026-02-13 16:02:55.988592+00,2026-02-13 16:02:55.988592+00,,,,,60
8f9ce4da-a75e-419c-8c57-9fa24071f03d,c1402d6f-183f-4afe-af13-6319784141e9,Other,Send Team groups for Feb Challenge ..,,2026-02-13,2026-02-13,done,4,2026-02-13 14:01:42.476708+00,2026-02-13 15:55:26.245384+00,,,,,,
8796b132-babc-4981-afd0-aa3b9c570a88,8bbfaf3e-70d2-46f4-8748-47e04282553d,Cover Session,"Covering sessions Cover Sessions: 4:30 PM",,2026-02-13,2026-02-13,done,2,2026-02-13 16:02:05.369229+00,2026-02-13 16:02:05.369229+00,,,,,60
b33e8109-0604-4e09-816b-36b61bd1e264,11dd4b0c-9af0-4901-a65a-252d72623af0,Cover Session,"S-220580 Cover Sessions: 4:30 PM",,2026-02-13,2026-02-13,done,3,2026-02-13 16:03:26.998281+00,2026-02-13 16:03:26.998281+00,,,,,60
2996c87d-5cd3-4d1e-b72d-58311e5a4369,11dd4b0c-9af0-4901-a65a-252d72623af0,Cover Session,"S-D5049 Cover Sessions: 6:00 PM",,2026-02-13,2026-02-13,done,2,2026-02-13 16:04:08.276939+00,2026-02-13 16:04:08.276939+00,,,,,60
f4de5ae0-1d6d-4ff0-bb2c-86d18f5ff512,c1402d6f-183f-4afe-af13-6319784141e9,Cover Session,".. Cover Sessions: 6:00 PM",,2026-02-13,2026-02-13,done,4,2026-02-13 14:59:34.434861+00,2026-02-13 17:03:50.373202+00,,,,,60
027daba7-0e2c-4110-9cd8-79a6327b12e8,0af709a7-115e-4c62-9863-c0c078daf370,Cover Session,"Outside subteam Cover Sessions: 3:00 PM, 4:30 PM",,2026-02-13,2026-02-13,done,2,2026-02-13 14:49:34.738893+00,2026-02-13 18:26:18.872378+00,,,,,,
8c39dff0-86b8-437d-809b-4518db88363d,6345052b-8082-42f6-af04-1e0bd9a21d5b,Study Plan,checking sheet study plan of each tutor,,2026-02-13,2026-02-14,done,2,2026-02-13 13:17:29.882441+00,2026-02-13 19:51:31.973739+00,,,,,,
af5a8af0-d37b-4fd5-bad9-d026f902c965,c1402d6f-183f-4afe-af13-6319784141e9,Study Plan,Follow up study  plan,,2026-02-13,2026-02-13,done,3,2026-02-13 14:06:16.69051+00,2026-02-13 19:07:58.910757+00,,,17:00,17:15,15
58377b06-a413-4aa8-90c6-b4ff284c610c,c1402d6f-183f-4afe-af13-6319784141e9,Other,Report quality comments need to remove in sheet,,2026-02-13,2026-02-13,done,3,2026-02-13 14:12:26.799833+00,2026-02-13 19:07:20.901718+00,,,20:07,20:28,21
e6310222-e276-4a4e-b177-c141b504b4db,6008cfbc-3ac3-41a7-ae2f-81a2d0a2ee25,Study Plan,Study plan for March,,2026-02-13,2026-02-19,done,2,2026-02-13 13:36:31.980109+00,2026-02-14 15:39:34.954623+00,,,,,,
35007e32-f849-404f-af69-266eebea826d,c3251261-cbc7-4bba-a6e8-17a947cf74ae,Session Review,validating student case,,2026-02-13,2026-02-13,done,2,2026-02-13 12:09:14.05625+00,2026-02-16 12:02:09.063023+00,,,14:08,,
2ecb987d-b9cc-47f6-a0d9-a82f735526ec,80b0c01a-eb23-47ed-945b-572314a36b39,Other,G11 M4 Workshop,,2026-02-17,2026-02-17,done,2,2026-02-13 12:17:05.293673+00,2026-02-17 13:17:34.571663+00,,,,,,
37b2a6aa-39ea-4b87-aa46-5220449c5026,14626a70-e06d-4406-bdff-0ca0271f27c0,Cover Session,"4 sessions Cover Sessions: 3:00 PM, 4:30 PM, 7:30 PM, 9:00 PM",,2026-02-10,2026-02-10,done,2,2026-02-13 16:10:27.224883+00,2026-02-13 16:10:27.224883+00,,,,,240
57dfa98e-fd2a-4ddf-8333-5e219c94d972,45620717-bd9b-45ba-8265-b85af82e7796,Other,preparing for the February Team Meeting,https://www.canva.com/design/DAHBODzbbFM/62mpELGnc0sOn9pQM1g0cQ/edit?utm_content=DAHBODzbbFM&utm_campaign=designshare&utm_medium=link2&utm_source=sharebutton,2026-02-13,2026-02-13,done,2,2026-02-13 16:15:18.517883+00,2026-02-13 16:15:18.517883+00,,,,,,
851e5888-0bdb-4e58-86cf-965f110d12aa,c1402d6f-183f-4afe-af13-6319784141e9,Session Review,S-274017,https://zoom.us/rec/share/7bOYiw-oUZBRPfEGksetSIpwkpMTBnX6jqlfvh402SeYgg9-0Z2vSyb6Xmi7N9SH.gQKqPYBkuj_1XZ1t?startTime=1770733167000 Passcode: 3.sRs#6F,2026-02-13,2026-02-13,done,4,2026-02-13 13:02:16.568387+00,2026-02-13 19:44:23.494501+00,,,21:20,21:44,24
e59001b8-2819-412e-9439-d5e9352574ca,c1402d6f-183f-4afe-af13-6319784141e9,Session Review,Noha quality comment .. need review session,https://zoom.us/rec/play/YLHtFs-VS2oItsRAMzxPdSHH90bPNdEESdzeaQHYwlVhR7VBVc5xmbz1Mk3EyVGukiGhPRzlKcDB8BRg.6cGp5ENFGAn-jJW7?eagerLoadZvaPages=&accessLevel=meeting&canPlayFromShare=true&from=share_recording_detail&continueMode=true&componentName=rec-play&originRequestUrl=https%3A%2F%2Fzoom.us%2Frec%2Fshare%2Fa_HjT2eFUscQuBCEtbxsIs_vIr9RiZjOxU9dVVfDy5Lq2BZh501w7TFNPjtCWt8l.QI3zvKKRaljwPE_O,2026-02-13,2026-02-13,done,2,2026-02-13 18:45:44.88238+00,2026-02-13 19:09:54.932944+00,,,20:31,21:06,35
c656198e-7c85-4b44-970c-0c4e2c85c18f,c80a2219-df11-4617-9221-4a0715234c79,Cover Session,"The tutor, Mohamed Abdulah, applied for a planned leave on this day, and tutor Soad requested an excuse for the 9:00 pm slot Cover Sessions: 4:30 PM, 6:00 PM, 7:30 PM, 9:00 PM",,2026-02-09,2026-02-09,done,2,2026-02-13 16:26:07.507793+00,2026-02-13 16:26:07.507793+00,,,,,240
3d1be2a5-9246-4354-aba0-c22c3298530c,14626a70-e06d-4406-bdff-0ca0271f27c0,Study Plan,"checking on tutor's progress and providing support as needed",,2026-02-13,2026-02-13,done,2,2026-02-13 16:30:28.647438+00,2026-02-13 16:30:28.647438+00,,,,,,
bdeeaa53-922d-4192-bb7e-7b29c7efce81,c80a2219-df11-4617-9221-4a0715234c79,Cover Session,"The tutor, Mohamed Abdulah, applied for an emergency leave on this day, and the same with Ziad Ibrahim Cover Sessions: 4:30 PM, 7:30 PM, 6:00 PM, 9:00 PM",,2026-02-10,2026-02-10,done,2,2026-02-13 16:31:11.411039+00,2026-02-13 16:31:11.411039+00,,,,,240
9cfa3359-8439-4651-8c03-a1298036de57,c80a2219-df11-4617-9221-4a0715234c79,Other,a workshop with the team 10,,2026-02-09,2026-02-09,done,2,2026-02-13 16:43:45.989511+00,2026-02-13 16:43:45.989511+00,,,13:30,14:45,75
5dcfd960-5cd5-4447-ba94-114595e3c226,cea54012-b4d5-4643-8164-2e220e64ddf7,One-to-One Meeting,Meeting with mentor Ahmed T-1333 to discuss his role and his KPIs,,2026-02-13,2026-02-13,done,2,2026-02-13 16:44:35.847121+00,2026-02-13 16:44:35.847121+00,,,,,,
c4aa8fc0-9608-44ce-993b-0839b48605dc,c80a2219-df11-4617-9221-4a0715234c79,Other,meeting with the team leader the mentors and the new team leader,,2026-02-07,2026-02-07,done,2,2026-02-13 16:38:53.053397+00,2026-02-13 16:45:15.670857+00,,,14:00,14:30,30
aa4e0e7d-b488-4590-9ca8-00d509cb6d74,c80a2219-df11-4617-9221-4a0715234c79,Cover Session,"The tutor, Mohamed Abdulah, applied for a planned leave on this day Cover Sessions: 3:00 PM, 4:30 PM, 9:00 PM",,2026-02-08,2026-02-08,done,2,2026-02-13 16:23:29.948021+00,2026-02-13 16:45:31.951149+00,,,,,,
4a0b22c2-9da5-401d-a1a5-eaac6c7fcec4,cea54012-b4d5-4643-8164-2e220e64ddf7,One-to-One Meeting,"Meeting with T-6287 because of the repeated action of not submitting his leaves through the dashboard, but from the moderation channel Also reflecting on his no-show numbers",,2026-02-13,2026-02-13,done,4,2026-02-13 16:46:41.664858+00,2026-02-13 16:46:41.664858+00,,,,,,
bac7950c-c764-44e4-9406-62eab900d214,cea54012-b4d5-4643-8164-2e220e64ddf7,Other,Checking leaves on the  system,,2026-02-13,2026-02-13,done,4,2026-02-13 16:47:19.911898+00,2026-02-13 16:47:19.911898+00,,,,,,
0f542c71-2153-42a7-8bdf-51ffaeffac3d,cea54012-b4d5-4643-8164-2e220e64ddf7,Other,CS Cases,,2026-02-13,2026-02-13,done,4,2026-02-13 16:47:45.716841+00,2026-02-13 16:47:45.716841+00,,,,,,
c83ca418-5065-4f32-8a9c-d2148d1058d4,cea54012-b4d5-4643-8164-2e220e64ddf7,Other,"Sending reminders to the mentors who are responsable of responding to the new batches on Slack and following up with them",,2026-02-13,2026-02-13,done,3,2026-02-13 16:49:22.861757+00,2026-02-13 16:49:22.861757+00,,,,,,
3e34cdcc-03f0-42fe-9ccd-8d59a581668e,7649f3a3-7473-4896-90e5-8afa734828e8,Cover Session,"Hamza Mustafa Nasreldin S-108416 - Grade 3 - 4 Copy Login Link Tue 10 Feb 2026 06:00 PM active L5: Jarvis, Let's play! M3: Chatbots - Create Your Own Siri - 1 Cover Sessions: 6:00 PM",,2026-02-10,2026-02-10,done,2,2026-02-13 17:05:20.31176+00,2026-02-13 17:05:20.31176+00,,,,,60
a8e236f4-8c49-4bd2-991a-1d6316e31fc2,7649f3a3-7473-4896-90e5-8afa734828e8,Cover Session,"eiad Mustafa S-234772 - Grade 9 - 10 Copy Login Link Fri 13 Feb 2026 06:00 PM active L10: Enemy spawner & Particles system M2: 2D Game Design With Game Engine - 2 Cover Sessions: 6:00 PM",,2026-02-13,2026-02-13,done,2,2026-02-13 17:05:56.113497+00,2026-02-13 17:05:56.113497+00,,,,,60
c3ae602e-4f81-4ccd-a6c2-3ed54e8e3535,8f33f62c-b915-40ed-8129-d2b60864e017,Cover Session,informed after the session started,,2026-02-13,2026-02-13,done,4,2026-02-13 17:13:00.977076+00,2026-02-13 17:13:00.977076+00,,,,,,
fd405e00-d587-4ba5-8539-15316bb2ea11,10dddfcd-487c-4fdf-b1df-19952e29a06a,Study Plan,checking tutors study progress,,2026-02-13,2026-02-13,done,2,2026-02-13 17:18:45.601833+00,2026-02-13 17:18:45.601833+00,,,,,,
83e60a34-59bc-432a-ac21-3039f452d12b,38b09a82-449a-4bc8-be88-3db7db207770,Session Review,"Instructor ID: T-8928 Student ID: S-107394 Session Date: 8 Feb 2026 Reviewed on:  13 Feb 2026 He is almost perfect",,2026-02-13,2026-02-13,done,1,2026-02-13 17:18:50.354185+00,2026-02-13 17:18:50.354185+00,,,,,,
18fe1e03-e65c-4512-9e9b-7c4dcb6f17c4,316e69c6-4baa-49c3-aec7-eef97b2756ee,Cover Session,"Cover 4 session today Cover Sessions: 3:00 PM, 6:00 PM, 4:30 PM, 9:00 PM",,2026-02-13,2026-02-13,done,3,2026-02-13 18:31:42.224158+00,2026-02-13 18:31:49.657493+00,,,,,,
769d654f-8956-4e6b-9aef-0ff501dcdbe6,52262890-c566-4bb3-b1b3-9ae52851f182,Other,"support aya in Grade 9 - 10 M3: Game Development with Unity - 1 L6: The User Interface - Part 1",,2026-02-13,2026-02-20,done,3,2026-02-13 19:38:37.602125+00,2026-02-13 19:39:08.977479+00,,,16:00,16:22,22
ad4e1048-0dce-4c09-abc6-3eabd6bac187,6345052b-8082-42f6-af04-1e0bd9a21d5b,Other,"Send Comments (Need to Improve) of February to tutors T-11413 Yara Mostafa all is sent before except for yara",,2026-02-13,2026-02-19,done,3,2026-02-13 19:38:55.422738+00,2026-02-15 19:51:11.056058+00,,,,,,
2d05427b-2a1e-4836-abd8-6e8ebdc30072,52262890-c566-4bb3-b1b3-9ae52851f182,Check Flags,tcheck flags and quality comment for all my team,,2026-02-13,2026-02-13,done,2,2026-02-13 19:50:04.577667+00,2026-02-13 19:50:04.577667+00,,,17:30,17:45,15
9ed04a25-6fe9-4386-b3fd-e444131a5836,52262890-c566-4bb3-b1b3-9ae52851f182,Session Review,2 sessions S-D1905 & S-358699,,2026-02-13,2026-02-13,done,2,2026-02-13 19:55:33.80417+00,2026-02-13 19:55:33.80417+00,,,,,,
6d9224a8-c7f6-4bd1-8839-040dbd202d19,52262890-c566-4bb3-b1b3-9ae52851f182,Other,validate two downgrade cases from tutor shereen S-D1905 & S-358699,,2026-02-13,2026-02-13,done,2,2026-02-13 19:53:41.811947+00,2026-02-13 19:55:51.644339+00,,,19:30,,
0aff47c1-284e-43e5-a3dd-43a4fc256fc9,c3251261-cbc7-4bba-a6e8-17a947cf74ae,Cover Session,". Cover Sessions: 3:00 PM, 6:00 PM, 9:00 PM",,2026-02-13,2026-02-13,done,2,2026-02-13 17:12:28.788699+00,2026-02-13 20:05:00.664807+00,,,,,,
d3a67e31-a1c8-46d4-be5d-38ab5a44c224,0af709a7-115e-4c62-9863-c0c078daf370,One-to-One Meeting,Evaluation meeting with  Sara Atef,,2026-02-14,2026-02-14,done,3,2026-02-13 20:17:41.56545+00,2026-02-14 12:38:25.036089+00,,,13:30,14:00,30
b8820715-f367-4d42-8b46-d375a8c0adc0,0af709a7-115e-4c62-9863-c0c078daf370,Other,"تجهيز كارد تهنئه المدربين بقدوم شهر رمضان المبارك صور تم اعدادها وتعديلها باستخدام ال AI tools",,2026-02-13,2026-02-13,done,3,2026-02-13 18:27:34.759652+00,2026-02-14 12:38:30.761812+00,,,,,,
f25ad457-cc78-41f4-b0fb-fdaedcb54bd8,52262890-c566-4bb3-b1b3-9ae52851f182,Other,collect feedback about new slides from tutors,,2026-02-13,2026-02-13,done,2,2026-02-13 19:57:42.295675+00,2026-02-14 18:48:06.450429+00,,,,,,
d9bbd9fe-319b-4d8e-a7c8-abb5649b434a,c1402d6f-183f-4afe-af13-6319784141e9,One-to-One Meeting,Evaluation meeting with abdelRahman Gamal,https://zoom.us/j/93153808228,2026-02-14,2026-02-14,done,3,2026-02-13 19:09:33.63305+00,2026-02-14 15:46:11.575521+00,,,14:00,14:30,30
1ff15129-58ba-42d5-9aba-3dc66628ee21,45620717-bd9b-45ba-8265-b85af82e7796,Other,Request feedback from the tutors concerning the latest slide updates.,,2026-02-13,2026-02-13,done,2,2026-02-13 16:18:51.826153+00,2026-02-15 09:15:41.444308+00,,,,,,
33895eac-ad9a-4aa8-8024-b53604ef20f6,11dd4b0c-9af0-4901-a65a-252d72623af0,Other,creating a presentation for quality workshop,https://www.canva.com/design/DAG-mxbBOCk/gj5lao4v24IOXpAWmW2Gzw/edit?utm_content=DAG-mxbBOCk&utm_campaign=designshare&utm_medium=link2&utm_source=sharebutton,2026-02-13,2026-02-14,done,1,2026-02-13 16:06:13.63569+00,2026-02-14 19:01:41.819473+00,,,14:00,22:00,480
ea8bffde-7b79-438a-b3b6-cae2e7327d05,2037f361-3570-4946-9b8d-e7d24189b59e,One-to-One Meeting,solving hager's problem with zoom,,2026-02-13,2026-02-13,done,4,2026-02-13 20:22:50.793674+00,2026-02-13 20:22:50.793674+00,,,22:15,23:00,45
f445f223-c5a6-49ed-ae36-7f44b5fa2675,2037f361-3570-4946-9b8d-e7d24189b59e,Other,rana's problem with zoom account,,2026-02-13,2026-02-13,done,4,2026-02-13 20:24:03.090802+00,2026-02-13 20:24:03.090802+00,,,17:00,18:00,60
76abbd9b-9a4b-41fa-8a99-c4097ac74fdc,2037f361-3570-4946-9b8d-e7d24189b59e,Cover Session,"covering rana at 6 and out of team at 9 Cover Sessions: 6:00 PM, 9:00 PM",,2026-02-13,2026-02-13,done,2,2026-02-13 20:25:04.614576+00,2026-02-13 20:25:04.614576+00,,,,,120
6feba752-5eaa-413b-8449-1a0c5ec165c2,38b09a82-449a-4bc8-be88-3db7db207770,Other,Preparing comprehensive K12 ready to use projects to ease work flow,,2026-02-13,2026-02-28,in_progress,1,2026-02-13 20:28:49.51235+00,2026-02-13 20:28:49.51235+00,,,,,,
49024b51-b81f-42bf-bd5e-e8f6321ca30b,2037f361-3570-4946-9b8d-e7d24189b59e,Session Review,cs case for marah,,2026-02-13,2026-02-13,done,2,2026-02-13 20:49:13.368862+00,2026-02-13 20:49:13.368862+00,,,19:00,20:00,60
3c4fc7cb-e18b-4bd8-ad8e-ad57b2021b30,2037f361-3570-4946-9b8d-e7d24189b59e,One-to-One Meeting,with osama he had a problem with a project,,2026-02-14,2026-02-14,done,2,2026-02-14 14:50:53.636379+00,2026-02-14 14:50:53.636379+00,,,13:30,14:00,30
f2eb8acc-c521-474f-ab8d-63b430e5d938,ad80a2c7-9970-4a96-bd28-c781bc81d03f,One-to-One Meeting,Evaluation meeting with Khaled,,2026-02-14,2026-02-14,done,2,2026-02-14 11:27:27.173428+00,2026-02-14 11:27:27.173428+00,,,13:00,13:25,25
8bf534f1-9d13-495b-a1d2-4636e50f5486,8bbfaf3e-70d2-46f4-8748-47e04282553d,One-to-One Meeting,Evaluation meeting for Jan report with Somaya Saeed,,2026-02-14,2026-02-14,done,2,2026-02-13 22:14:47.418714+00,2026-02-14 11:58:12.528614+00,,,13:00,13:30,30
6d89d899-7eb2-45ed-ad46-796b02353b92,5e79744b-61bd-4698-9823-bc234914d767,Cover Session,"cover session out of my team Cover Sessions: 9:00 PM, 7:30 PM, 6:00 PM",,2026-02-10,2026-02-10,done,4,2026-02-13 22:23:19.837666+00,2026-02-13 22:23:19.837666+00,,,,,180
b5cc6f71-e0de-455a-aac4-f401f0cd5f64,5e79744b-61bd-4698-9823-bc234914d767,Cover Session,"cover session out of my team Cover Sessions: 4:30 PM, 7:30 PM, 6:00 PM, 9:00 PM",,2026-02-09,2026-02-09,done,4,2026-02-13 22:24:08.991866+00,2026-02-13 22:24:08.991866+00,,,,,240
83e14b31-5843-4fb7-b77c-cc5bd459c948,5e79744b-61bd-4698-9823-bc234914d767,Cover Session,"cover session out of my team Cover Sessions: 6:00 PM",,2026-02-08,2026-02-08,done,4,2026-02-13 22:24:56.346679+00,2026-02-13 22:24:56.346679+00,,,,,60
0d203b78-7d48-4db5-a8a8-2db47bd0314f,5e79744b-61bd-4698-9823-bc234914d767,Cover Session,"cover session out of my team Cover Sessions: 3:00 PM, 4:30 PM, 6:00 PM",,2026-02-07,2026-02-07,done,4,2026-02-13 22:28:11.099883+00,2026-02-13 22:28:11.099883+00,,,,,180
dcc71db0-207b-4091-b866-b763db626fb2,11dd4b0c-9af0-4901-a65a-252d72623af0,Other,Supporting the team with the needed material and answer their inquiries,,2026-02-13,2026-02-13,done,2,2026-02-13 16:07:39.390762+00,2026-02-13 22:49:49.820487+00,,,,,,
8cf1feb9-a0a3-466d-89e3-8b747de12283,11dd4b0c-9af0-4901-a65a-252d72623af0,Cover Session,"S-106812 cover session after 15 minutes Cover Sessions: 9:00 PM",,2026-02-13,2026-02-13,done,3,2026-02-13 22:51:47.927704+00,2026-02-13 22:51:47.927704+00,,,,,60
f3f36ed7-0789-45c9-adb0-189199d88469,9264a829-0c2b-44da-8e1c-4c5eb463dcc3,Check Flags,check if it is valid,,2026-02-01,2026-02-01,done,2,2026-02-13 23:24:18.48897+00,2026-02-13 23:24:18.48897+00,,,14:00,15:00,60
25f41a7c-a5f5-4964-8222-2eb55736559e,9264a829-0c2b-44da-8e1c-4c5eb463dcc3,One-to-One Meeting,evaluation,,2026-02-08,2026-02-08,done,2,2026-02-13 23:27:08.719424+00,2026-02-13 23:27:08.719424+00,,,22:05,23:00,55
8c4e0c6d-8278-4ba3-8111-e8f19c6f7fd3,9264a829-0c2b-44da-8e1c-4c5eb463dcc3,Team Meeting,keep tracking,,2026-02-10,2026-02-10,done,2,2026-02-13 23:26:02.731038+00,2026-02-13 23:27:17.436514+00,,,14:00,14:45,45
3d567025-6663-4f33-ba33-872a7bf3f0f5,0af709a7-115e-4c62-9863-c0c078daf370,Cover Session,"outside subteam Cover Sessions: 4:30 PM, 9:00 PM",,2026-02-14,2026-02-14,done,2,2026-02-14 12:39:07.506534+00,2026-02-14 19:10:21.716446+00,,,,,,
268eeed6-9475-43b5-8541-7ef06b7a1541,c1402d6f-183f-4afe-af13-6319784141e9,Other,Checking Fatma Development plan,,2026-02-14,2026-02-14,done,2,2026-02-14 02:19:03.682499+00,2026-02-14 02:21:25.003984+00,,,04:20,04:47,27
a0ad6a87-38b4-433a-a55f-ae2665d1bc85,c1402d6f-183f-4afe-af13-6319784141e9,Other,"Share new teaching strategy with team on slack and thank tutor Fatma",,2026-02-14,2026-02-14,done,3,2026-02-14 02:20:16.07727+00,2026-02-14 15:41:25.736806+00,,,14:29,14:40,11
8a8468d5-bc5a-4aec-88b4-1b680db7ee51,c1402d6f-183f-4afe-af13-6319784141e9,Other,prepare for evaluation meeting with tutor (AbdelRahman) review his report,,2026-02-14,2026-02-14,done,4,2026-02-14 01:47:24.604179+00,2026-02-14 02:23:35.345471+00,,,,,,
f3679a9f-cdb7-489e-bb95-3d2fce55741c,2da44565-25c0-4e68-b32e-80971ccd65de,Other,Organizing messages for each slot for the whole week,,2026-02-14,2026-02-14,done,2,2026-02-14 06:01:37.261555+00,2026-02-14 06:18:29.347435+00,,,,,,
f73c142e-370d-4864-a2df-d32dde28b982,c894625b-5096-4856-b3ec-0d9a6abe772d,Team Meeting,"conduct a friendly welcome meeting for the team to get know each other and build good connections",https://zoom.us/rec/share/QSWUoVqDRVm_XzuiVvfbxLO_89RtpDydKvzJl1GPGgN5SdKPqVUMdtvlTlsi5Rga.ypTI6jwtSJkPSWuj?startTime=1770810872000 Passcode: r43Mq3I^,2026-02-11,2026-02-11,done,3,2026-02-14 08:58:50.201554+00,2026-02-14 08:58:50.201554+00,,,14:00,14:30,30
52c4a30a-0d2e-486b-a599-a4d691880335,c894625b-5096-4856-b3ec-0d9a6abe772d,Other,attend the new mentor workshop by Mentor/ Noha , to get familiar with tasks sheets for teams 4 and each mentor rule,,2026-02-08,2026-02-08,done,3,2026-02-14 09:04:35.649664+00,2026-02-14 09:04:35.649664+00,,,14:00,14:30,30
6519f253-8d74-41ad-a235-f56ab1b09709,c949b116-b119-4255-90a4-37adbd685d03,Team Meeting,Q&A Meeting with Batch 112,,2026-02-14,2026-02-14,done,2,2026-02-14 12:42:17.223407+00,2026-02-14 12:42:17.223407+00,,,14:00,15:00,60
fce7c287-ba93-4690-b571-9481a1fa7f4a,188360e8-9c42-43db-b011-b10a443d51bd,Team Meeting,First meeting with team to know each other,,2026-02-14,2026-02-14,done,3,2026-02-13 20:19:44.534554+00,2026-02-14 12:47:03.471688+00,,,,,,
d52f7a4c-a3bf-4927-b1bc-32d0ea373730,57c183de-55fd-48d6-ab8d-09a138b0fd0b,Cover Session,"i informed by the session before it by 25 mins Cover Sessions: 3:00 PM",,2026-02-14,2026-02-14,done,2,2026-02-14 13:02:50.692451+00,2026-02-14 13:02:50.692451+00,,,,,60
6967e1a1-d429-4158-8dc9-89f1a4cf1863,960005ff-dee1-4a44-8c11-33e13cb8ed4f,One-to-One Meeting,Assessment,,2026-02-14,2026-02-14,done,3,2026-02-14 14:16:07.226261+00,2026-02-14 14:16:07.226261+00,,,14:00,14:40,40
18c4f92f-3f2e-435f-b9de-8e0f1001a4f3,960005ff-dee1-4a44-8c11-33e13cb8ed4f,Team Meeting,مناقشة التعديلات الجديدة,,2026-02-14,2026-02-14,done,4,2026-02-14 14:18:05.503201+00,2026-02-14 14:18:05.503201+00,,,14:40,15:00,20
bcf8a518-7f00-4971-bf21-44c0a9beb27a,188360e8-9c42-43db-b011-b10a443d51bd,One-to-One Meeting,i made one to one meeting with tutor (Kareem ) to know each other,,2026-02-14,2026-02-14,done,2,2026-02-14 14:18:17.965045+00,2026-02-14 14:18:28.049967+00,,,,,,
77275818-c7f7-4f61-8fbe-48197ffc9d75,c894625b-5096-4856-b3ec-0d9a6abe772d,Check Flags,check T-12149 yellow flag,,2026-02-14,2026-02-14,done,3,2026-02-14 12:01:45.642037+00,2026-02-14 14:19:02.49192+00,,,,,,
4441545a-4c5c-4ca7-bbdb-6e35a74568b6,c894625b-5096-4856-b3ec-0d9a6abe772d,Cover Session,"session slot Cover Sessions: 3:00 PM",,2026-02-14,2026-02-14,done,3,2026-02-14 09:28:08.82334+00,2026-02-14 14:19:09.3202+00,,,,,60
6a0eaacc-a93a-4907-a1a9-9f79f102c5a2,0af709a7-115e-4c62-9863-c0c078daf370,Team Meeting,Workshop meeting,,2026-02-15,2026-02-15,done,3,2026-02-14 12:41:58.411707+00,2026-02-15 19:27:58.825965+00,,,,,,
d3a7c50f-1359-472d-bd42-15cc6bd64aed,6345052b-8082-42f6-af04-1e0bd9a21d5b,Other,Shadow eval. Meeting with Ahmed Samir (tutor Somaya T-11380),,2026-02-14,2026-02-14,done,2,2026-02-14 10:46:55.30426+00,2026-02-14 15:02:51.203676+00,,,13:30,14:00,30
3b592b76-7aec-4b81-a7c9-ede03c980f95,2037f361-3570-4946-9b8d-e7d24189b59e,One-to-One Meeting,with TL  anan,,2026-02-14,2026-02-14,done,2,2026-02-14 14:51:39.641191+00,2026-02-14 14:51:39.641191+00,,,14:00,14:30,30
da80a292-9a6b-4b04-aa73-e6940222d372,2037f361-3570-4946-9b8d-e7d24189b59e,Cover Session,"out of team Cover Sessions: 3:00 PM, 9:00 PM",,2026-02-14,2026-02-14,done,4,2026-02-14 14:52:10.262589+00,2026-02-14 14:52:10.262589+00,,,,,120
e4ad76ba-d757-4d50-8a72-326b67dd2379,ebf46837-d9bd-46c5-ab0d-f264e608dd7a,Cover Session,"full day Cover Sessions: 3:00 PM, 6:00 PM, 9:00 PM, 4:30 PM, 7:30 PM",,2026-02-14,2026-02-14,done,2,2026-02-14 14:11:45.670259+00,2026-02-14 20:04:22.811328+00,,,,,,
ab2d4e53-c24b-4365-91c1-dd437b8ea156,c1402d6f-183f-4afe-af13-6319784141e9,Other,working on Ramadan activities for my team,https://forms.gle/UjBJcoAkE1HMiFuW8,2026-02-14,2026-02-14,done,4,2026-02-14 01:48:45.664084+00,2026-02-14 15:41:08.911849+00,,,,,,
5fe38bb2-66d8-4f07-95e9-0359bdcace5a,188360e8-9c42-43db-b011-b10a443d51bd,Cover Session,"i have 2 sessions today Cover Sessions: 3:00 PM, 9:00 PM",,2026-02-14,2026-02-14,done,3,2026-02-14 11:32:23.876416+00,2026-02-14 20:07:24.010262+00,,,,,,
11756ed6-60ea-4cc8-ae8e-54b43ad95186,8bbfaf3e-70d2-46f4-8748-47e04282553d,Cover Session,"Covering Sessions Cover Sessions: 3:00 PM, 4:30 PM, 7:30 PM, 9:00 PM",,2026-02-14,2026-02-14,done,2,2026-02-14 11:11:02.112017+00,2026-02-15 11:49:21.052085+00,,,,,240
b259e625-e36e-42de-9ae6-5ca2994f7064,c894625b-5096-4856-b3ec-0d9a6abe772d,Other,schedule reminder posts for this week on sub-team slack channel,,2026-02-14,2026-02-18,in_progress,2,2026-02-14 09:25:56.565404+00,2026-02-15 12:17:55.692311+00,,,14:00,14:15,15
8cbd3de7-18ff-4817-9eae-72fb462b1965,0af709a7-115e-4c62-9863-c0c078daf370,One-to-One Meeting,Evaluation meeting with esraa,,2026-02-15,2026-02-15,done,3,2026-02-14 12:40:56.407124+00,2026-02-15 19:28:05.365565+00,,,,,,
82ba2875-7839-477e-b8c0-c63f80b10671,6345052b-8082-42f6-af04-1e0bd9a21d5b,Other,"Check Study plan progress T-11388-Israa Mohamed Mahmoud Mohamed-G(9-10) M1-Notified T-11380 Somaya Saeed Abdullah Abdelrahman G(3-4) M2 In Progress,G(7-8) M3-In Progress T-11418 Basmala Osama Kamal Eldin G(5-6) M2-In Progress",,2026-02-14,2026-02-18,in_progress,3,2026-02-13 16:04:38.317795+00,2026-02-16 12:49:19.588707+00,,,,,,
576d222f-929c-49eb-b223-88983196cfba,2037f361-3570-4946-9b8d-e7d24189b59e,Other,"sending cs cases (reem ,eslam , mariam)",,2026-02-14,2026-02-14,done,2,2026-02-14 14:53:09.847061+00,2026-02-14 14:53:09.847061+00,,,16:00,17:00,60
6d25a7d1-0dee-4b83-8a71-2f176cd77268,316e69c6-4baa-49c3-aec7-eef97b2756ee,Cover Session,"Covering Cover Sessions: 3:00 PM, 7:30 PM",,2026-02-14,2026-02-14,done,3,2026-02-14 15:01:28.827164+00,2026-02-14 15:01:28.827164+00,,,,,120
4e89771d-ccb3-46dd-8089-73c051e6fda4,6345052b-8082-42f6-af04-1e0bd9a21d5b,Cover Session,"G4 S2 L3: Jarvis, on repeat Cover Sessions: 3:00 PM https://zoom.us/rec/share/23LAdP6NFotqwrB1ocFI--G5ftAGOw-1Q2ZevNL2InYcB_Ux9KXBFEFL1SUlcG0.V2bplGdMF8iSDZfL Passcode: .YNdLYS2",https://zoom.us/rec/share/23LAdP6NFotqwrB1ocFI--G5ftAGOw-1Q2ZevNL2InYcB_Ux9KXBFEFL1SUlcG0.V2bplGdMF8iSDZfL,2026-02-14,2026-02-14,done,3,2026-02-14 10:48:45.425413+00,2026-02-14 15:02:36.031394+00,,,15:00,16:11,71
8c48990a-29bf-4307-9e29-aca17bc0edc4,6345052b-8082-42f6-af04-1e0bd9a21d5b,Team Meeting,"-Let each member introduce themselves (name + interest + what they expect) -Clarify the goal of the program (what they will gain by the end) -Small icebreaker activity (simple challenge or funny question) -Open floor Q&A https://zoom.us/rec/share/oMxGyHL5y_PmIX5JQ9cbvA4LoM23OkVFrT1P-e3wJ6809VztZsJFQUuTg2isHHT0.DA-0EWSuTEW1wE05 Passcode: bDE1var=",https://zoom.us/rec/share/oMxGyHL5y_PmIX5JQ9cbvA4LoM23OkVFrT1P-e3wJ6809VztZsJFQUuTg2isHHT0.DA-0EWSuTEW1wE05,2026-02-14,2026-02-14,done,3,2026-02-13 10:28:25.759456+00,2026-02-14 15:04:11.607545+00,,,14:00,14:45,45
374308d8-45af-4e77-b24b-55d0c98ef74c,5585b896-3ea3-4908-8346-cbe6e16a092e,Cover Session,"S-234128 Cover Sessions: 3:00 PM",,2026-02-14,2026-02-14,done,3,2026-02-14 15:10:00.063077+00,2026-02-14 15:10:00.063077+00,,,,,60
9d8b2f7b-5a40-45b4-9359-8fa2d7bd2be0,5585b896-3ea3-4908-8346-cbe6e16a092e,Other,Meeting presentation.,,2026-02-14,2026-02-14,done,3,2026-02-14 15:45:55.599573+00,2026-02-14 15:45:55.599573+00,,,16:45,17:45,60
53cca4db-7f83-489f-aeff-ccf242793b14,d7c33a8a-1c83-4cc3-a1b9-72787c40d165,One-to-One Meeting,"Evaluation meeting With instructor T-8949, I responded to her questions in the case as well as in the quality report.",https://zoom.us/rec/share/CDkt3HE0A_LBqLAV5UYO68p8S-AGHb6XouuJZT7zBX1uQw6MrbjBXkHo_rnfPj4.8ZbwyFLb5Rpg5Xfn,2026-02-14,2026-02-14,done,3,2026-02-14 16:07:59.749982+00,2026-02-14 16:07:59.749982+00,,,17:00,17:45,45
702c1e76-4c02-44b2-96be-8f8a19c3a39e,d7c33a8a-1c83-4cc3-a1b9-72787c40d165,Cover Session,"Not in my subteam Cover Sessions: 3:00 PM, 4:30 PM, 6:00 PM, 7:30 PM, 9:00 PM",,2026-02-14,2026-02-14,done,2,2026-02-14 15:48:36.825747+00,2026-02-14 16:08:45.887887+00,,,,,300
e826f703-f52a-493d-9e86-5351162679bb,2c0e48c9-68e1-4d57-ac89-12f394f2dd0b,Study Plan,"Study Plan – March Tutor Name: Aalaa Adel Adam Abdullah Tutor ID: T-8451 Assigned Modules: Grade 5 – 6 | Module 1 Grade 1 – 2 | Module 2",,2026-02-14,2026-02-14,done,2,2026-02-13 21:18:13.988176+00,2026-02-14 16:11:42.944798+00,,,14:18,15:00,42
4ec87d7f-95f8-4aeb-9463-969b7603bd19,c894625b-5096-4856-b3ec-0d9a6abe772d,Study Plan,check tutors study on LMS , then follow with them to complete the assigned modules before the deadline , update the study plan sheet,,2026-02-14,2026-02-18,in_progress,3,2026-02-14 16:12:53.387566+00,2026-02-14 16:12:53.387566+00,,,,,,
1e6176c9-6350-46ce-9ca4-ee1700e71b56,8f645bd2-3df6-4487-ae7b-7c49d8f1d253,Other,finishing canva work,,2026-02-13,2026-02-13,done,2,2026-02-14 16:23:44.541666+00,2026-02-14 16:23:44.541666+00,,,14:00,16:00,120
9258e265-5d42-4e5b-9660-bb76c30f765d,8f645bd2-3df6-4487-ae7b-7c49d8f1d253,Other,assest tutor,,2026-02-13,2026-02-13,done,2,2026-02-14 16:26:48.453651+00,2026-02-14 16:26:48.453651+00,,,,,,
d29d0225-37f3-4790-ac72-d8f05954735d,8f645bd2-3df6-4487-ae7b-7c49d8f1d253,Other,assest tutor  menna,,2026-02-13,2026-02-13,done,2,2026-02-14 16:27:06.763226+00,2026-02-14 16:27:06.763226+00,,,,,,
841167f0-be7a-4f2e-9d1b-1fbbdd1a1908,8f645bd2-3df6-4487-ae7b-7c49d8f1d253,Other,wroking on ramdan challenge,,2026-02-13,2026-02-13,done,2,2026-02-14 16:27:29.456946+00,2026-02-14 16:27:29.456946+00,,,,,,
64ae18e4-11b3-4a92-845b-f6fefc6e3f2d,8f645bd2-3df6-4487-ae7b-7c49d8f1d253,Cover Session,"slot 3 Cover Sessions: 3:00 PM",,2026-02-14,2026-02-14,done,2,2026-02-14 16:28:04.749021+00,2026-02-14 16:28:04.749021+00,,,,,60
630ef0b6-45ce-4811-9e4b-a44fa988d2e9,8f645bd2-3df6-4487-ae7b-7c49d8f1d253,Cover Session,"slot 4:30 Cover Sessions: 4:30 PM",,2026-02-14,2026-02-14,done,2,2026-02-14 16:28:37.1204+00,2026-02-14 16:28:37.1204+00,,,,,60
937972a7-5938-4b0a-bb17-4f10fd46c201,8f645bd2-3df6-4487-ae7b-7c49d8f1d253,Cover Session,"slot 7 Cover Sessions: 7:30 PM",,2026-02-14,2026-02-14,done,2,2026-02-14 16:28:59.070808+00,2026-02-14 16:28:59.070808+00,,,,,60
814f3bb5-1275-4809-8907-7849776cba59,2037f361-3570-4946-9b8d-e7d24189b59e,Cover Session,"out of team Cover Sessions: 7:30 PM",,2026-02-14,2026-02-14,done,4,2026-02-14 16:59:42.721561+00,2026-02-14 16:59:42.721561+00,,,,,60
c21cbf9b-8912-4596-834e-042e79b887d5,5585b896-3ea3-4908-8346-cbe6e16a092e,Other,"Giving T-12228 tips to be able to study M1 in Godot for sessions 9 , 10 , 11 & 12 by reviewing the slides of the mentioned sessions and sending him records in slack for each session as he asked me to assist him.",,2026-02-14,2026-02-14,done,3,2026-02-14 17:03:07.621254+00,2026-02-14 17:03:07.621254+00,,,18:00,18:30,30
f6476cfd-1caa-46d5-88a5-32b8ecddf164,c0fc68a4-1170-4f8a-80f5-4ce7300dd458,Check Flags,Check Team 04 Flags And Remind my teammate,,2026-02-14,2026-02-21,done,2,2026-02-14 17:05:45.224572+00,2026-02-14 17:05:45.224572+00,,,,,,
27316187-a48f-4be3-b19d-cab68a9e6517,c0fc68a4-1170-4f8a-80f5-4ce7300dd458,Other,Check Team 04 CS Tickets,,2026-02-14,2026-02-14,done,2,2026-02-14 17:06:46.133558+00,2026-02-15 02:10:50.869612+00,,,,,,
3fc3f81d-d522-4882-a139-d5a905f8a3c9,c0fc68a4-1170-4f8a-80f5-4ce7300dd458,Other,Send Alaa Saber CS Ticket,,2026-02-14,2026-02-14,done,2,2026-02-14 17:07:13.402904+00,2026-02-15 02:10:46.408611+00,,,,,,
fbbb5ede-736a-46ec-92e5-61af4863575c,c0fc68a4-1170-4f8a-80f5-4ce7300dd458,Other,Check the Team 4 Quality Database and send the comments that need to improve comments to tutors,,2026-02-14,2026-02-14,done,2,2026-02-14 17:26:11.442281+00,2026-02-14 17:26:11.442281+00,,,,,,
dacaa5e1-7c3d-4438-b9d8-3b80050ee534,c0fc68a4-1170-4f8a-80f5-4ce7300dd458,Cover Session,"Cover 2 Sessions out of my team Cover Sessions: 3:00 PM, 4:30 PM Cover Sessions: 3:00 PM, 4:30 PM",,2026-02-14,2026-02-14,done,2,2026-02-14 17:05:11.699313+00,2026-02-14 17:26:30.559382+00,,,,,,
2c7320e3-6952-4433-b980-743371ce97a3,316e69c6-4baa-49c3-aec7-eef97b2756ee,Other,Preparing for an ai session,,2026-02-14,2026-02-14,done,2,2026-02-14 17:26:59.43594+00,2026-02-14 17:26:59.43594+00,,,19:00,19:26,26
351b2b16-766a-4595-94ca-98646ec7c9f1,c0fc68a4-1170-4f8a-80f5-4ce7300dd458,Cover Session,"cover session 7:30 Cover Sessions: 7:30 PM",,2026-02-14,2026-02-14,done,2,2026-02-14 17:27:00.71899+00,2026-02-14 17:27:00.71899+00,,,,,60
67b70290-8be3-40d6-886d-ddeed5d50ac2,8f645bd2-3df6-4487-ae7b-7c49d8f1d253,Cover Session,"full day Cover Sessions: 3:00 PM, 4:30 PM, 7:30 PM, 6:00 PM, 9:00 PM",,2026-02-16,2026-02-16,done,2,2026-02-14 16:30:10.429595+00,2026-02-17 12:37:12.811332+00,,,,,,
a529c9a0-f6f7-4bbf-9ac2-0617fce06b22,5585b896-3ea3-4908-8346-cbe6e16a092e,Cover Session,"S-183737 Cover Sessions: 7:30 PM",,2026-02-14,2026-02-14,done,3,2026-02-14 18:47:32.459117+00,2026-02-14 18:47:32.459117+00,,,,,60
2283c8c5-fa3c-4d6a-a7ff-927498c73847,52262890-c566-4bb3-b1b3-9ae52851f182,One-to-One Meeting,with reem to make slides of the upcoming workshop,https://meet.google.com/ifw-xgbb-mdw,2026-02-14,2026-02-14,done,2,2026-02-14 18:49:30.195623+00,2026-02-14 18:49:30.195623+00,,,13:50,,
d416c963-cbd3-4db8-a276-71233b855fd9,52262890-c566-4bb3-b1b3-9ae52851f182,Cover Session,"cover 5 sessions Cover Sessions: 3:00 PM, 4:30 PM, 6:00 PM, 7:30 PM, 9:00 PM",,2026-02-14,2026-02-14,done,3,2026-02-14 18:49:56.920495+00,2026-02-14 18:49:56.920495+00,,,,,300
b9d74d1b-4900-4ba0-b122-ae4713cb0c15,5e79744b-61bd-4698-9823-bc234914d767,Cover Session,"cover sessions out of my team Cover Sessions: 4:30 PM, 6:00 PM, 7:30 PM, 3:00 PM",,2026-02-14,2026-02-14,done,4,2026-02-14 18:50:23.29976+00,2026-02-14 18:50:23.29976+00,,,,,240
0c5a0b7a-b665-4050-a7e7-be6dd3d22c2f,52262890-c566-4bb3-b1b3-9ae52851f182,One-to-One Meeting,with shereen to guide her how to dell with S-D1905,https://zoom.us/j/7298478666,2026-02-14,2026-02-14,done,2,2026-02-14 18:53:03.631084+00,2026-02-14 18:53:03.631084+00,,,,,,
5765e276-00ad-4d2b-b081-74d82f5be1c5,5585b896-3ea3-4908-8346-cbe6e16a092e,Other,Supporting team with needed materials.,,2026-02-14,2026-02-14,done,3,2026-02-14 15:57:46.599132+00,2026-02-14 20:00:44.269487+00,,,14:00,22:00,480
65769f9e-5409-4599-8c00-086688340da4,c1402d6f-183f-4afe-af13-6319784141e9,Cover Session,"cover 4 sessions Cover Sessions: 3:00 PM, 6:00 PM, 9:00 PM, 7:30 PM",,2026-02-14,2026-02-14,done,4,2026-02-14 15:42:10.445014+00,2026-02-14 23:07:44.39966+00,,,,,240
5b351760-496d-465f-af74-079bf6c67795,c0fc68a4-1170-4f8a-80f5-4ce7300dd458,Other,Send CS Ticket to Alaa Nabil,,2026-02-14,2026-02-14,done,2,2026-02-14 17:13:49.38004+00,2026-02-15 02:10:41.966079+00,,,,,,
9d7911c4-83b0-4dcf-a92d-fe70972bd72c,8f645bd2-3df6-4487-ae7b-7c49d8f1d253,Cover Session,"full day Cover Sessions: 3:00 PM, 4:30 PM, 7:30 PM, 6:00 PM, 9:00 PM",,2026-02-15,2026-02-15,done,2,2026-02-14 16:29:41.907764+00,2026-02-16 11:09:56.904316+00,,,,,300
c42b80a3-fb90-428a-a72f-0a95874c76e9,8f645bd2-3df6-4487-ae7b-7c49d8f1d253,Cover Session,"slot 9 Cover Sessions: 9:00 PM",,2026-02-14,2026-02-14,done,2,2026-02-14 16:29:24.986234+00,2026-02-16 11:10:00.709256+00,,,,,60
6c003b35-ca3b-428f-8c61-5d36df7bbdf4,80b0c01a-eb23-47ed-945b-572314a36b39,Team Meeting,"Policy Informative Feedback Issue",,2026-02-16,2026-02-16,done,2,2026-02-14 15:33:57.731051+00,2026-02-16 14:41:38.983185+00,,,,,,
b27e7269-b225-447e-9aa9-32e6653cc03f,52262890-c566-4bb3-b1b3-9ae52851f182,Other,"report about student S-219854 الاستيودنت دي مستوها ضعيف اوي و كنا بلغنا انها محتاجة downgrade واتحددلها ٢ parent meeting وال parent مدخلش و هي محتاجة تتنقل ل Grade 3-4 هي عندها النهاردة الساعة ٩ و لغاية دلوقتي مفيش اي update حصل ممكن نشوفها L2: Function in Python M2: Chatbot Development with Data Encryption",,2026-02-14,2026-02-14,done,2,2026-02-14 18:54:11.457403+00,2026-02-14 18:54:11.457403+00,,,,,,
a71a8c21-ea0b-4090-9605-ab5b1fa5a6c3,11dd4b0c-9af0-4901-a65a-252d72623af0,Cover Session,"S-D3584 Cover Sessions: 3:00 PM",,2026-02-14,2026-02-14,done,3,2026-02-14 18:58:15.187486+00,2026-02-14 18:58:15.187486+00,,,,,60
10caca93-fa3c-4968-a914-025faa9d0d20,11dd4b0c-9af0-4901-a65a-252d72623af0,Cover Session,"S-224946 Cover Sessions: 3:00 PM",,2026-02-14,2026-02-14,done,3,2026-02-14 18:58:40.977036+00,2026-02-14 18:58:40.977036+00,,,,,60
2e887916-b76a-4dd6-b1ca-5f5b95b90041,11dd4b0c-9af0-4901-a65a-252d72623af0,Cover Session,"S-106532 Cover Sessions: 7:30 PM",,2026-02-14,2026-02-14,done,3,2026-02-14 18:59:08.104654+00,2026-02-14 18:59:08.104654+00,,,,,60
bad99d53-c014-41d6-ba54-54ca4498a52c,11dd4b0c-9af0-4901-a65a-252d72623af0,Cover Session,"S-108579 Cover Sessions: 9:00 PM",,2026-02-14,2026-02-14,done,3,2026-02-14 18:59:38.777906+00,2026-02-14 18:59:38.777906+00,,,,,60
9c124104-4175-4e0b-b1ba-fd8e5f2759e4,10dddfcd-487c-4fdf-b1df-19952e29a06a,Cover Session,"1 session Cover Sessions: 3:00 PM",,2026-02-14,2026-02-14,done,2,2026-02-14 19:00:58.012849+00,2026-02-14 19:00:58.012849+00,,,,,60
b531a256-3707-4664-bd49-3c24b50ab6b7,11dd4b0c-9af0-4901-a65a-252d72623af0,Other,Supporting the team with the needed material and answer their inquiries.,,2026-02-14,2026-02-14,done,2,2026-02-14 19:01:08.744029+00,2026-02-14 19:01:08.744029+00,,,14:00,22:00,480
3b210e16-7fa3-43d9-9f84-51040d991c53,058d547d-0038-432f-8fc0-77aa0d1d06f7,Cover Session,"5 sessions Cover Sessions: 3:00 PM, 6:00 PM, 9:00 PM, 7:30 PM, 4:30 PM",,2026-02-11,2026-02-11,done,2,2026-02-14 19:05:56.070876+00,2026-02-14 19:05:56.070876+00,,,,,300
c0ed7dab-8291-43ae-b5c6-a2f857a522ab,058d547d-0038-432f-8fc0-77aa0d1d06f7,Cover Session,"3 sessions Cover Sessions: 7:30 PM, 4:30 PM, 3:00 PM",,2026-02-14,2026-02-14,done,2,2026-02-14 19:06:26.332313+00,2026-02-14 19:06:26.332313+00,,,,,180
8783358c-0f3b-41f6-90a0-41bedcd1821a,0af709a7-115e-4c62-9863-c0c078daf370,Cover Session,"slot 7:30 inside subteam Cover Sessions: 7:30 PM",,2026-02-14,2026-02-14,done,2,2026-02-14 19:08:31.364146+00,2026-02-14 19:08:31.364146+00,,,,,60
caa5ce19-f63b-4551-97f8-9fbde7f6eb62,6345052b-8082-42f6-af04-1e0bd9a21d5b,Other,Posting announce for Reminder for study plan,,2026-02-14,2026-02-14,done,2,2026-02-14 15:45:30.907593+00,2026-02-14 19:21:05.990272+00,,,,,,
70b1d65b-f15c-4103-b463-9202dcff6baf,76ecf920-90de-4686-858e-19a6cefcd4fb,Cover Session,"celina hasan samy ellithy S-25293 - Grade 3 - 4 Sat 14 Feb 2026 06:00 PM active NormalenglishL9: Functions - Part 1 M2: Game Development with AI Hazem Hamdy Hassanien T-12764 _______________________________________________________________ Ahmed Ayman Ahmed S-362865 - Grade 5 - 6 Sat 14 Feb 2026 09:00 PM active Normal	english	L5: Following strings M1: Chatbot Development with Python Cover Sessions: 6:00 PM, 9:00 PM",,2026-02-14,2026-02-14,done,2,2026-02-14 19:27:56.512681+00,2026-02-14 19:27:56.512681+00,,,,,120
9f76f1e1-835e-48b8-a02c-1e77030a47c2,9cb6ee20-8a67-43db-8798-608ba59f658b,Team Meeting,"mentors teams hr requests & no show leaves validation",,2026-02-14,2026-02-14,done,2,2026-02-14 19:27:26.804474+00,2026-02-14 19:28:01.042993+00,,,14:00,15:00,60
d42492c5-8479-43c5-88e4-c07f3f3bacab,80b0c01a-eb23-47ed-945b-572314a36b39,Study Plan,make the study plan for the tutors,,2026-02-20,2026-02-20,in_progress,2,2026-02-14 20:32:54.498563+00,2026-02-14 20:33:05.227238+00,,,,,,
3f2075c8-f915-4993-8c1a-f967cfb3a8f7,5585b896-3ea3-4908-8346-cbe6e16a092e,Session Review,"the link :https://zoom.us/rec/share/s8TxcehDAuhtxTb8UVi3tiu_FYvCXtb81oNg7K-JoD2y9TLgEtemYzWpr57YmtMl.5CbygNlhgZW_WTn1 Passcode: gT0gqS8@",https://zoom.us/rec/share/s8TxcehDAuhtxTb8UVi3tiu_FYvCXtb81oNg7K-JoD2y9TLgEtemYzWpr57YmtMl.5CbygNlhgZW_WTn1,2026-02-14,2026-02-14,done,3,2026-02-14 19:15:46.793933+00,2026-02-14 19:42:36.163873+00,,,20:35,21:15,40
b05373aa-17fe-4d2d-b193-bc31cea3b53f,9cb6ee20-8a67-43db-8798-608ba59f658b,Other,check the quality of the team,,2026-02-14,2026-02-14,done,2,2026-02-14 19:43:49.515025+00,2026-02-14 19:43:49.515025+00,,,21:35,21:43,8
5f648850-ee38-4808-ac81-89e34a8ef8af,9cb6ee20-8a67-43db-8798-608ba59f658b,Other,"send message private to subesta and mariam ""send to the hr for the medical card""",,2026-02-14,2026-02-14,done,3,2026-02-14 19:36:50.491112+00,2026-02-14 19:44:56.739511+00,,,17:45,18:00,15
e8b88d30-4258-49df-a63c-be5d02e229d5,9cb6ee20-8a67-43db-8798-608ba59f658b,Team Meeting,first meeting with my team,,2026-02-10,2026-02-10,done,3,2026-02-14 19:29:14.715488+00,2026-02-14 19:45:16.515466+00,,,14:00,14:30,30
60dc9663-ee73-4ba1-a4b1-41cdf2a43c0b,9cb6ee20-8a67-43db-8798-608ba59f658b,Session Review,review subesta's session,,2026-02-14,2026-02-14,done,3,2026-02-14 19:30:23.075209+00,2026-02-14 19:46:00.444519+00,,,15:40,17:00,80
e85a7261-5c6c-4c50-ae79-b983a19c1c56,9cb6ee20-8a67-43db-8798-608ba59f658b,Check Flags,check my team flags,,2026-02-14,2026-02-14,done,2,2026-02-14 19:31:06.306697+00,2026-02-14 19:46:33.190499+00,,,17:30,17:40,10
9b3c7674-5a7c-4893-a5aa-44ce0f91c20d,9cb6ee20-8a67-43db-8798-608ba59f658b,Other,Reminder messages,,2026-02-14,2026-02-14,done,3,2026-02-14 19:31:46.348525+00,2026-02-14 19:46:56.843852+00,,,20:00,21:00,60
326abb3a-32c4-4ccb-afb5-3ddcffa43f51,9cb6ee20-8a67-43db-8798-608ba59f658b,Study Plan,review study to every tutor in my team,,2026-02-14,2026-02-14,done,3,2026-02-14 19:32:39.751793+00,2026-02-14 19:47:18.502259+00,,,21:00,21:30,30
45e3fa3b-0444-4790-ac96-0afdca0b8b40,c3251261-cbc7-4bba-a6e8-17a947cf74ae,Cover Session,". Cover Sessions: 3:00 PM, 6:00 PM, 9:00 PM, 7:30 PM, 4:30 PM",,2026-02-14,2026-02-14,done,2,2026-02-14 20:01:48.847443+00,2026-02-14 20:01:48.847443+00,,,,,300
422d3f25-b2a8-4006-b752-0b30162594d2,cea54012-b4d5-4643-8164-2e220e64ddf7,One-to-One Meeting,Evaluation Meeting with T-11450,https://drive.google.com/file/d/1nX5FZhMqd5XMvJmiGbOawnOHZXimj6K7/view?usp=sharing,2026-02-14,2026-02-14,done,3,2026-02-14 20:06:09.629522+00,2026-02-14 20:06:09.629522+00,,,17:30,18:30,60
abacb565-eba2-4ec9-b35a-8bfd38901a92,cea54012-b4d5-4643-8164-2e220e64ddf7,Other,Training 3 with batch 118 at 2:00 PM,,2026-02-14,2026-02-14,done,3,2026-02-14 20:07:01.63256+00,2026-02-14 20:07:01.63256+00,,,14:00,16:00,120
e6aac2bd-f1ba-4941-b8ef-283430695e20,cea54012-b4d5-4643-8164-2e220e64ddf7,Other,"Valdating CS Case Ticket ID: 191976",,2026-02-14,2026-02-14,done,3,2026-02-14 20:08:02.827662+00,2026-02-14 20:08:02.827662+00,,,,,,
f3c80a99-c9d2-4325-9be2-74872e798b17,cea54012-b4d5-4643-8164-2e220e64ddf7,Other,checking leaves on the system,,2026-02-14,2026-02-14,done,3,2026-02-14 20:08:40.39933+00,2026-02-14 20:08:40.39933+00,,,,,,
2fa1c8b2-8d74-41de-953c-6f93fb928d55,cea54012-b4d5-4643-8164-2e220e64ddf7,Other,"sending examples of slides to mentor Ahmed and following up with him to make trainings and workshops for team 7",,2026-02-14,2026-02-14,done,2,2026-02-14 20:56:43.455891+00,2026-02-14 20:56:43.455891+00,,,,,,
febc2053-e066-407e-b327-c2b5350ebbba,6008cfbc-3ac3-41a7-ae2f-81a2d0a2ee25,Team Meeting,"ميتينج لشرح hr request , leaves , تحسين feedback الخاص بالطالب, متابعة اى استفسارات أو شكاوى",,2026-02-14,2026-02-14,done,2,2026-02-14 21:36:16.064556+00,2026-02-14 21:36:16.064556+00,,,22:00,23:14,74
f873246b-4a04-42ed-8381-eccc90af1b90,960005ff-dee1-4a44-8c11-33e13cb8ed4f,Session Review,مراجعة سيشن لمناقشة ال yellow flag and comments,,2026-02-14,2026-02-14,done,4,2026-02-15 01:01:09.097694+00,2026-02-15 01:01:09.097694+00,,,16:00,17:15,75
004140eb-dd8d-4873-9ecf-c75d14164e7e,45620717-bd9b-45ba-8265-b85af82e7796,Other,check Ibtihal’s upgrade status,,2026-02-14,2026-02-14,done,2,2026-02-15 09:17:30.197816+00,2026-02-15 09:17:30.197816+00,,,,,,
92dfe25c-33a9-4d81-bfe2-981e21410c82,45620717-bd9b-45ba-8265-b85af82e7796,Cover Session,"Ibtihal was on emergency leave. Cover Sessions: 3:00 PM, 4:30 PM, 6:00 PM, 7:30 PM, 9:00 PM",,2026-02-14,2026-02-14,done,2,2026-02-15 09:19:00.6384+00,2026-02-15 09:19:00.6384+00,,,,,300
e58c3af2-8f90-44b4-8405-cf9bb1ae68a5,45620717-bd9b-45ba-8265-b85af82e7796,Other,check incoming cs case for Maryam El Monyar,,2026-02-14,2026-02-14,done,2,2026-02-15 09:20:25.514521+00,2026-02-15 09:20:25.514521+00,,,,,,
f65544e5-d406-4823-a725-39ee2c03ffc9,45620717-bd9b-45ba-8265-b85af82e7796,One-to-One Meeting,"Raneem Ashraf Mohamed Mohamed T-10854 evaluation meeting",,2026-02-15,2026-02-15,done,3,2026-02-15 09:23:19.8756+00,2026-02-15 12:14:45.559524+00,,,13:30,14:00,30
c16de82c-60de-4733-ba28-36b3b114232f,45620717-bd9b-45ba-8265-b85af82e7796,One-to-One Meeting,"Maryam Yasser Mahmoud Abdelmaksoud T-4512 Evaluation meeting",,2026-02-15,2026-02-15,done,3,2026-02-15 09:24:13.607639+00,2026-02-15 12:14:51.748296+00,,,14:00,14:30,30
c3baaa7c-5c5d-4c34-a1ff-c250b4d357b6,c1402d6f-183f-4afe-af13-6319784141e9,One-to-One Meeting,Evaluation meeting with Yassmin,https://zoom.us/j/98903498036,2026-02-15,2026-02-15,archived,3,2026-02-14 23:10:23.364886+00,2026-02-16 02:58:11.148245+00,,,14:00,14:30,30
da3c6cde-cfa0-446f-88a7-37745bc812b7,6345052b-8082-42f6-af04-1e0bd9a21d5b,Other,Shadow Eval. Meeting with Noha Abdelrehem(Basmala Osama T-11418),,2026-02-15,2026-02-15,done,2,2026-02-14 19:20:50.055327+00,2026-02-15 12:48:20.507026+00,,,14:00,14:20,20
83bfd85d-4703-451a-afe9-776719ade7a2,c0fc68a4-1170-4f8a-80f5-4ce7300dd458,Recap Session,Alaa saber cs ticket,,2026-02-15,2026-02-15,done,2,2026-02-15 02:11:26.992381+00,2026-02-15 15:39:10.592804+00,,,02:00,,
08fcade4-7aa7-459f-a979-9d2915bc38e0,45620717-bd9b-45ba-8265-b85af82e7796,One-to-One Meeting,"Eman Mohamed Kamel Ahmed T-4076 evaluation meeting",,2026-02-15,2026-02-15,done,3,2026-02-15 09:21:57.957234+00,2026-02-15 11:22:57.47194+00,,,13:00,13:30,30
16cad36c-3208-45f8-a8ba-f2d38503d1cd,8bbfaf3e-70d2-46f4-8748-47e04282553d,One-to-One Meeting,Evaluation meeting for Jan report with Ahmed Abdelqawi,,2026-02-15,2026-02-15,done,2,2026-02-15 11:52:06.747781+00,2026-02-15 11:52:06.747781+00,,,13:30,14:00,30
0e34afa4-b9f8-4c77-8f8b-a201b37666af,2037f361-3570-4946-9b8d-e7d24189b59e,Other,onboarding shift to reply to new batch through the day,,2026-02-14,2026-02-14,done,2,2026-02-15 12:24:54.739584+00,2026-02-15 12:25:15.863635+00,,,,,,
2d8cafba-cc02-4924-af45-46ddd62fbaeb,97d1ff5c-bd83-4687-8276-fa161cefaba0,Cover Session,"Cover 5 sessions Cover Sessions: 3:00 PM, 4:30 PM, 6:00 PM, 7:30 PM, 9:00 PM",,2026-02-14,2026-02-14,done,2,2026-02-15 12:36:12.817013+00,2026-02-15 12:36:12.817013+00,,,,,300
990789f9-da7e-4b16-8088-efd5ec7628f3,8a51fd39-3c02-44e5-a178-2f3aafc2e3e5,Cover Session,"Cover sessions Cover Sessions: 3:00 PM, 4:30 PM, 7:30 PM, 6:00 PM, 9:00 PM",,2026-02-14,2026-02-14,done,3,2026-02-15 12:56:30.897229+00,2026-02-15 12:56:30.897229+00,,,,,300
5bc474d5-7c01-4234-b2f5-867681b79d99,97d1ff5c-bd83-4687-8276-fa161cefaba0,Other,sending no show,,2026-02-15,2026-02-15,done,2,2026-02-15 12:58:54.671577+00,2026-02-15 12:58:54.671577+00,,,14:58,,
b8181bba-25a9-439f-9970-f7a196370cc8,c0fc68a4-1170-4f8a-80f5-4ce7300dd458,Other,Check CS Incoming Tickets,,2026-02-15,2026-02-15,done,2,2026-02-15 13:01:58.864261+00,2026-02-15 13:01:58.864261+00,,,,,,
dcb968d1-67a6-407c-8af8-0b7a406bc489,c0fc68a4-1170-4f8a-80f5-4ce7300dd458,Check Flags,Check Team 04 Flags sheet,,2026-02-15,2026-02-15,done,2,2026-02-15 13:02:27.37803+00,2026-02-15 13:02:27.37803+00,,,,,,
418d81a8-d2ff-4ef9-9387-ed45380bdbbd,c0fc68a4-1170-4f8a-80f5-4ce7300dd458,Cover Session,"Cover 3 Sessions Cover Sessions: 4:30 PM, 7:30 PM, 9:00 PM",,2026-02-15,2026-02-15,done,2,2026-02-15 15:38:56.479908+00,2026-02-15 18:39:24.082909+00,,,,,180
03030614-ac46-4db8-967c-fb21204e69e6,45620717-bd9b-45ba-8265-b85af82e7796,Other,preparing for the February team meeting on Tuesday,,2026-02-15,2026-02-17,done,2,2026-02-15 09:25:02.082418+00,2026-02-17 14:33:29.899181+00,,,,,,
10a604bf-8a85-45a2-8ec4-beb80e91e448,5e79744b-61bd-4698-9823-bc234914d767,One-to-One Meeting,Osama Evaluation Meeting,,2026-02-15,2026-02-15,done,2,2026-02-15 13:15:42.926853+00,2026-02-15 13:15:42.926853+00,,,13:30,14:30,60
8219c06f-f68d-4bf1-a76d-251e447813b2,c894625b-5096-4856-b3ec-0d9a6abe772d,Other,Attend Deep Learning Workshop by Reem Atef,,2026-02-15,2026-02-15,done,2,2026-02-15 12:13:03.241598+00,2026-02-15 13:26:25.490996+00,,,14:00,14:30,30
1e72a242-3db7-432e-adf9-356c3ccc8b57,c894625b-5096-4856-b3ec-0d9a6abe772d,Other,Send student S-105603 case to CS,,2026-02-15,2026-02-15,done,3,2026-02-15 12:16:07.572066+00,2026-02-15 19:22:32.174879+00,,,14:30,,
1233a9d0-6e09-42e4-b3fa-b49de2c1b915,cea54012-b4d5-4643-8164-2e220e64ddf7,One-to-One Meeting,Meeting with T-2070 to discuss his KPIs,,2026-02-15,2026-02-15,done,3,2026-02-15 15:25:33.684289+00,2026-02-15 15:25:33.684289+00,,,11:00,12:00,60
b1ad1bd3-a393-4c26-a5e9-705d0e5f3a1b,316e69c6-4baa-49c3-aec7-eef97b2756ee,Cover Session,"Covering 4 Sessions Cover Sessions: 3:00 PM, 4:30 PM, 7:30 PM, 9:00 PM",,2026-02-15,2026-02-15,done,3,2026-02-15 16:33:27.191282+00,2026-02-15 16:33:27.191282+00,,,,,240
03056ade-3eac-40ce-a102-c02684f1fbc5,11dd4b0c-9af0-4901-a65a-252d72623af0,Cover Session,"S-101239 Cover Sessions: 3:00 PM",,2026-02-15,2026-02-15,done,3,2026-02-15 14:10:05.153309+00,2026-02-15 14:10:05.153309+00,,,,,60
88255df0-c712-401d-b97e-069c73b58027,188360e8-9c42-43db-b011-b10a443d51bd,Cover Session,"i have 1 session today Cover Sessions: 3:00 PM",,2026-02-15,2026-02-15,done,3,2026-02-15 12:15:01.323975+00,2026-02-15 22:41:13.374875+00,,,,,,
3043252f-aacc-4e8c-89d2-e2814ec18b6f,d7c33a8a-1c83-4cc3-a1b9-72787c40d165,One-to-One Meeting,"Evaluation meeting With instructor T-4459, I responded to her questions in the case as well as in the quality report. Duration: 00:36:23 Passcode: QR7ZE*?Z",https://zoom.us/rec/share/t5RMrthCAwljaf26uz9AL24VZiTEi55T7pCG8EK2T4HOyCB86an-0QI3VggB3tU.RG8zMHz1hACUuGiA,2026-02-15,2026-02-15,done,3,2026-02-15 14:19:23.996361+00,2026-02-15 14:20:01.126175+00,,,14:22,15:01,39
e52850ee-22d2-4145-a362-9175fde7a183,97d1ff5c-bd83-4687-8276-fa161cefaba0,Other,sending CS tickets,,2026-02-15,2026-02-15,done,2,2026-02-15 14:31:31.269249+00,2026-02-15 14:31:37.732335+00,,,15:31,16:00,29
11acd663-3a25-4136-93e2-8442e763e7d9,52262890-c566-4bb3-b1b3-9ae52851f182,Other,send to aya ghobashy quality comment,,2026-02-15,2026-02-15,done,2,2026-02-15 14:59:11.752889+00,2026-02-15 14:59:11.752889+00,,,,,,
897e6ff3-351e-4e4b-996e-fb1630961bba,52262890-c566-4bb3-b1b3-9ae52851f182,Other,send to reham deghady quality comment,,2026-02-15,2026-02-15,done,2,2026-02-15 14:59:45.453236+00,2026-02-15 14:59:45.453236+00,,,,,,
c7f74da8-ea68-4c39-aff0-3286e2dcb494,52262890-c566-4bb3-b1b3-9ae52851f182,Cover Session,"cover 3 sessions Cover Sessions: 4:30 PM, 7:30 PM, 9:00 PM",,2026-02-15,2026-02-15,done,2,2026-02-15 15:00:15.080616+00,2026-02-15 15:00:15.080616+00,,,,,180
9f53577e-6c80-4441-b320-740f8d14a6dc,97d1ff5c-bd83-4687-8276-fa161cefaba0,Other,meeting with mentors,,2026-02-15,2026-02-15,done,2,2026-02-15 15:02:33.890952+00,2026-02-15 15:02:40.461017+00,,,16:00,17:00,60
96662870-5e4d-417b-b4e9-08136673857b,6345052b-8082-42f6-af04-1e0bd9a21d5b,Other,Create Calendly Account,,2026-02-15,2026-02-15,done,1,2026-02-15 15:25:51.931535+00,2026-02-15 15:25:51.931535+00,,,,,,
bfc6cf42-ea39-42a9-89ea-0fea3dfe3719,cea54012-b4d5-4643-8164-2e220e64ddf7,One-to-One Meeting,Meeting with T-6278 to discuss his KPIs,,2026-02-15,2026-02-15,done,3,2026-02-15 15:26:48.791607+00,2026-02-15 15:26:48.791607+00,,,12:00,13:00,60
ee63a19b-536b-4a54-8d29-d4dc08d9de7d,cea54012-b4d5-4643-8164-2e220e64ddf7,One-to-One Meeting,Meeting with T-6279 to discuss his KPIs,,2026-02-15,2026-02-15,done,3,2026-02-15 15:28:01.28357+00,2026-02-15 15:28:01.28357+00,,,14:00,14:45,45
49889f39-57cd-4730-9be1-be690606f4b3,cea54012-b4d5-4643-8164-2e220e64ddf7,Other,Checking Leaves on system,,2026-02-15,2026-02-15,done,3,2026-02-15 15:28:35.790089+00,2026-02-15 15:28:35.790089+00,,,,,,
404396fb-329b-4f7a-9381-047c0cf4548e,10dddfcd-487c-4fdf-b1df-19952e29a06a,Other,assisting tutors,,2026-02-15,2026-02-15,done,2,2026-02-15 16:04:08.402829+00,2026-02-15 16:04:08.402829+00,,,,,,
62541c42-38c3-4ee2-980c-ed0cccd37908,7649f3a3-7473-4896-90e5-8afa734828e8,Cover Session,"QussaiQussai Firas kanafani S-86388 - Grade 5 - 6 Moez Omar Abdelaziz S-D2058 - Grade 7 - 8 yassin ayman S-359803 - Grade 7 - 8 Cover Sessions: 6:00 PM, 3:00 PM, 7:30 PM",,2026-02-14,2026-02-14,done,2,2026-02-15 16:07:39.284025+00,2026-02-15 16:07:39.284025+00,,,,,180
de4e7817-77fb-4ba1-849c-c2dff0f87ee6,c0fc68a4-1170-4f8a-80f5-4ce7300dd458,Cover Session,"Cover session Cover Sessions: 6:00 PM",,2026-02-15,2026-02-15,done,2,2026-02-15 16:09:09.073775+00,2026-02-15 16:09:09.073775+00,,,,,60
c8dc20a6-fad3-4817-898f-5f844e849cb4,7649f3a3-7473-4896-90e5-8afa734828e8,Other,"February Youssef Emad Hussin Abo-rawash T-12193 Session Engagemenet Complaint Parent Request The parent would like to know the actual outcomes the student has achieved during the two modules as she informed us that she feels the student hasn’t gained any tangible results from the outcomes S-129114 2/15/2026 18:00:00 192759 Mohammed Nabawy",,2026-02-15,2026-02-15,done,2,2026-02-15 16:10:51.501803+00,2026-02-15 16:10:51.501803+00,,,15:00,15:00,
348168ad-8f2f-44d6-bd47-ea2c313ae080,7649f3a3-7473-4896-90e5-8afa734828e8,One-to-One Meeting,"Youssef Emad Hussin Abo-rawash T-12193",,2026-02-15,2026-02-15,done,2,2026-02-15 16:12:06.502854+00,2026-02-15 16:12:06.502854+00,,,,,,
778a0c4c-1952-4c60-8865-3e622f53ae60,2037f361-3570-4946-9b8d-e7d24189b59e,Session Review,cs case 192699,,2026-02-15,2026-02-15,done,2,2026-02-15 16:29:02.879701+00,2026-02-15 16:29:02.879701+00,,,15:00,16:00,60
fe9326a8-90fc-4a43-b6da-0a60153c8162,c894625b-5096-4856-b3ec-0d9a6abe772d,Other,join meeting with Mentor/Sosanna about Evaluation Meetings,,2026-02-15,2026-02-15,done,3,2026-02-15 13:53:22.425901+00,2026-02-15 16:30:57.390331+00,,,16:00,16:30,30
6e60a0eb-f3d3-49cc-82ba-4e601e73908a,c894625b-5096-4856-b3ec-0d9a6abe772d,Other,Responded to CS request and sent the session materials requested by the student (S-113671),,2026-02-15,2026-02-15,done,3,2026-02-15 16:41:50.290718+00,2026-02-15 16:41:50.290718+00,,,17:30,18:00,30
2d34caca-ad71-4e8f-8985-cbbd432f927b,10dddfcd-487c-4fdf-b1df-19952e29a06a,Cover Session,2 sessions,,2026-02-15,2026-02-15,done,2,2026-02-15 15:07:34.611668+00,2026-02-15 19:12:32.434771+00,,,,,,
bb778326-79cd-4d47-93a9-8d450469d5bf,11dd4b0c-9af0-4901-a65a-252d72623af0,Other,Supporting the team with the needed material and answering their inquiries,,2026-02-15,2026-02-15,done,2,2026-02-15 14:12:18.613613+00,2026-02-15 20:17:15.303583+00,,,14:00,22:00,480
ad577d6d-7470-4f71-8ff2-efbdd2187efa,11dd4b0c-9af0-4901-a65a-252d72623af0,Cover Session,"S-374535 Cover Sessions: 4:30 PM",,2026-02-15,2026-02-15,done,3,2026-02-15 14:10:43.4196+00,2026-02-15 20:17:53.791795+00,,,,,,
3d666b6f-2e53-4a6e-bfd9-8b60f6993389,d7c33a8a-1c83-4cc3-a1b9-72787c40d165,Cover Session,"Not in my subteam Cover Sessions: 3:00 PM, 4:30 PM, 6:00 PM, 7:30 PM, 9:00 PM",,2026-02-15,2026-02-15,done,3,2026-02-15 14:19:52.506275+00,2026-02-15 21:05:37.397529+00,,,,,300
9c14945d-28ec-4b3b-8cd6-4df8de142f57,8a51fd39-3c02-44e5-a178-2f3aafc2e3e5,Cover Session,"cover sessions Cover Sessions: 3:00 PM, 6:00 PM, 9:00 PM, 4:30 PM, 7:30 PM",,2026-02-15,2026-02-15,done,3,2026-02-15 12:57:08.091683+00,2026-02-15 20:47:27.966957+00,,,,,300
d49f2b5d-9ffb-4297-9632-db2b04d6a452,45620717-bd9b-45ba-8265-b85af82e7796,Cover Session,"out of team cover Cover Sessions: 4:30 PM, 7:30 PM, 9:00 PM",,2026-02-15,2026-02-15,done,2,2026-02-15 13:16:34.477148+00,2026-02-16 10:39:06.613985+00,,,,,,
4449ace2-21e0-4540-b562-27d5381147db,cea54012-b4d5-4643-8164-2e220e64ddf7,Other,"Checking CS Case Ticket ID: 192685",,2026-02-15,2026-02-15,done,3,2026-02-15 16:44:54.428777+00,2026-02-15 16:44:54.428777+00,,,,,,
1768ee3e-cc8f-4f92-add4-b53c7d81ec1d,cea54012-b4d5-4643-8164-2e220e64ddf7,One-to-One Meeting,Meeting with mentor T-4183 to discuss her role in team 7,,2026-02-15,2026-02-15,done,3,2026-02-15 16:47:43.845258+00,2026-02-15 16:47:43.845258+00,,,17:30,18:00,30
f0ed3a21-c4fe-4118-b06d-ca22ed537f44,960005ff-dee1-4a44-8c11-33e13cb8ed4f,Session Review,راجعت ل tutor Bassant سيشن عشان احسن من المستوي و اتابعه و بلغتها بالملاحظات,,2026-02-15,2026-02-15,done,2,2026-02-15 17:01:30.171713+00,2026-02-15 17:01:30.171713+00,,,15:00,16:15,75
c14f30ae-183a-42e3-b1ed-c59e4acdba23,7649f3a3-7473-4896-90e5-8afa734828e8,Cover Session,"Mohamed Mohamed Mohamed Atta S-83566 - Grade 7 - 8 zaid ahmed S-239781 - Grade 3 - 4 Ahmed Moustafa Ghanema S-277746 - Grade 9 - 10 Cover Sessions: 4:30 PM, 6:00 PM, 9:00 PM",,2026-02-15,2026-02-15,done,2,2026-02-15 17:03:02.71621+00,2026-02-15 17:03:02.71621+00,,,,,180
20a8213d-b0c6-4f61-a5c0-80858390c450,960005ff-dee1-4a44-8c11-33e13cb8ed4f,One-to-One Meeting,راجعت ل tutor Toqa سيشن عشان احسن من المستوي و اتابعه و بلغتها بالملاحظات,,2026-02-15,2026-02-15,done,2,2026-02-15 17:06:02.412519+00,2026-02-15 17:06:02.412519+00,,,18:00,19:00,60
353b0d37-4cea-44bf-8ba5-e1c55c1f569b,79c89dfb-eb95-4439-9640-625fa3ac3571,Session Review,CS Case,,2026-02-15,2026-02-15,done,3,2026-02-15 17:11:30.293785+00,2026-02-15 17:11:30.293785+00,,,18:15,19:11,56
f0587c9d-b798-492a-ac48-de0507d128d7,5585b896-3ea3-4908-8346-cbe6e16a092e,Cover Session,"S-108083 Cover Sessions: 3:00 PM",,2026-02-15,2026-02-15,done,3,2026-02-15 17:20:50.197598+00,2026-02-15 17:20:50.197598+00,,,,,60
e154b301-2252-48bd-ab7c-b989b9ac5f99,5585b896-3ea3-4908-8346-cbe6e16a092e,Cover Session,"S-235776 Cover Sessions: 4:30 PM",,2026-02-15,2026-02-15,done,3,2026-02-15 17:21:22.718666+00,2026-02-15 17:21:22.718666+00,,,,,60
52a91687-63a6-4e98-933e-063751109fd4,5585b896-3ea3-4908-8346-cbe6e16a092e,Cover Session,"S-20656 Cover Sessions: 6:00 PM",,2026-02-15,2026-02-15,done,3,2026-02-15 17:21:51.283852+00,2026-02-15 17:21:51.283852+00,,,,,60
6f6e6eb0-5b96-40a3-928c-662d7b32cf23,ad80a2c7-9970-4a96-bd28-c781bc81d03f,Cover Session,"cover session at 4:30 pm about Function in Python Cover Sessions: 4:30 PM",,2026-02-15,2026-02-15,done,3,2026-02-15 17:29:59.751077+00,2026-02-15 17:29:59.751077+00,,,,,60
b34e6a43-a412-499e-b5fc-f0d6f69a4ac8,ad80a2c7-9970-4a96-bd28-c781bc81d03f,Cover Session,"cover session at 6pm about Story Time Cover Sessions: 6:00 PM",,2026-02-15,2026-02-15,done,3,2026-02-15 17:31:01.445864+00,2026-02-15 17:31:01.445864+00,,,,,60
961a327e-a87e-4098-9545-040a77e061d9,79c89dfb-eb95-4439-9640-625fa3ac3571,Cover Session,"three sessions was add it to me at the same time Cover Sessions: 3:00 PM, 4:30 PM, 7:30 PM",,2026-02-15,2026-02-15,done,2,2026-02-15 17:09:48.283629+00,2026-02-15 17:32:05.522215+00,,,15:00,20:30,330
035a2f3c-27c9-4b67-b32d-abe6f0965452,79c89dfb-eb95-4439-9640-625fa3ac3571,One-to-One Meeting,a meeting with the team leader regarding my new task about the outgoing cs cases,,2026-02-15,2026-02-15,done,3,2026-02-15 17:33:18.263713+00,2026-02-15 17:33:18.263713+00,,,17:30,17:50,20
9ae80697-7564-46bd-945f-967b1a591194,5e79744b-61bd-4698-9823-bc234914d767,Other,Add TL Anan to moderation channels,,2026-02-15,2026-02-15,done,3,2026-02-15 18:37:41.763045+00,2026-02-15 18:37:41.763045+00,,,14:37,15:00,23
dcc25587-ed7e-4fc5-9527-bfb6ebc064f9,8bbfaf3e-70d2-46f4-8748-47e04282553d,Cover Session,"Covering Sessions Cover Sessions: 4:30 PM",,2026-02-15,2026-02-15,done,2,2026-02-15 18:46:19.178454+00,2026-02-15 18:46:19.178454+00,,,,,60
7304d375-15e4-4ef2-a254-263085a50b23,6008cfbc-3ac3-41a7-ae2f-81a2d0a2ee25,Cover Session,"None Cover Sessions: 6:00 PM",,2026-02-15,2026-02-15,done,2,2026-02-15 18:56:35.613677+00,2026-02-15 18:56:35.613677+00,,,,,60
67dfe5d4-1bce-49bb-a44f-481eb27e49c0,c894625b-5096-4856-b3ec-0d9a6abe772d,Other,check quality database sheet and send comments to tutors,,2026-02-15,2026-02-15,done,3,2026-02-15 17:06:18.037474+00,2026-02-15 19:16:14.366193+00,,,18:30,,
551f6099-8310-4006-b679-a5ad225eaa4b,59892d43-6f2f-46c8-b9d9-308764bc9778,Cover Session,"1 session Cover Sessions: 3:00 PM",,2026-02-15,2026-02-15,done,3,2026-02-15 19:29:48.835709+00,2026-02-15 19:29:48.835709+00,,,,,60
6fdf98ed-d11a-4265-a82e-4c7b7a4fdf3f,59892d43-6f2f-46c8-b9d9-308764bc9778,Other,prepare reminder message,,2026-02-15,2026-02-15,done,2,2026-02-15 19:30:23.595204+00,2026-02-15 19:30:23.595204+00,,,,,,
945f12ef-a2d9-499f-8292-2079730d3cd2,c894625b-5096-4856-b3ec-0d9a6abe772d,Session Review,reviewed the session to confirm the tutor’s (T-9169) response to the quality comment and added the case to the invalid comments sheet.,,2026-02-15,2026-02-15,done,3,2026-02-15 19:30:31.005366+00,2026-02-15 19:30:31.005366+00,,,20:00,21:30,90
a9971fda-8612-4dec-9eb7-2fcbd6f849fd,59892d43-6f2f-46c8-b9d9-308764bc9778,One-to-One Meeting,Evaluation meeting with Abdallah,,2026-02-15,2026-02-15,done,3,2026-02-15 19:31:09.144204+00,2026-02-15 19:31:09.144204+00,,,,,,
cf5e376b-b608-4da8-832b-1d60233f60e4,59892d43-6f2f-46c8-b9d9-308764bc9778,One-to-One Meeting,Eval meeting with Ahmed Shawky but he didn't attend,,2026-02-15,2026-02-15,done,3,2026-02-15 19:32:19.043022+00,2026-02-15 19:32:58.419315+00,,,17:30,18:00,30
8ae6cd72-d077-443f-927c-d7ab0e385585,59892d43-6f2f-46c8-b9d9-308764bc9778,Session Review,Aya El-Mahrouk to validate a quality comment,,2026-02-15,2026-02-15,done,3,2026-02-15 19:34:20.158471+00,2026-02-15 19:34:20.158471+00,,,,,,
d34ed46e-d8f5-48e9-a0c6-f1c17ebd6783,59892d43-6f2f-46c8-b9d9-308764bc9778,Session Review,Another session for Aya El-Mahrouk,,2026-02-15,2026-02-15,done,3,2026-02-15 19:38:44.693948+00,2026-02-15 19:38:44.693948+00,,,,,,
02c6e721-4aed-4588-a26e-6fbb43a3dab4,59892d43-6f2f-46c8-b9d9-308764bc9778,Other,report about student case (S-28558),,2026-02-15,2026-02-15,done,3,2026-02-15 19:39:53.840853+00,2026-02-15 19:39:53.840853+00,,,,,,
a7f6c50d-4f57-413b-b4c4-e4085e4f0a47,59892d43-6f2f-46c8-b9d9-308764bc9778,Other,resolving quality comment case for Sara Abozeed,,2026-02-14,2026-02-14,done,3,2026-02-15 19:42:29.244272+00,2026-02-15 19:42:29.244272+00,,,,,,
e100ec61-ef53-4b4b-85c1-be6ed53d7b16,59892d43-6f2f-46c8-b9d9-308764bc9778,Session Review,Sara Abozeed,,2026-02-14,2026-02-14,done,2,2026-02-15 19:43:07.032609+00,2026-02-15 19:43:07.032609+00,,,,,,
47ef3b77-9e79-4557-bd19-dccd3d77fee0,59892d43-6f2f-46c8-b9d9-308764bc9778,Cover Session,"covering 3 sessions Cover Sessions: 3:00 PM, 6:00 PM, 7:30 PM",,2026-02-14,2026-02-14,done,3,2026-02-15 19:44:42.197312+00,2026-02-15 19:44:42.197312+00,,,,,180
665d631b-7354-4f54-baf7-b0bb60b5827d,59892d43-6f2f-46c8-b9d9-308764bc9778,One-to-One Meeting,Eval meeting with Abdallah but he didn't attend,,2026-02-14,2026-02-14,done,2,2026-02-15 19:46:08.854348+00,2026-02-15 19:46:08.854348+00,,,,,,
b5add3f3-ffce-4dbe-94a9-1b350872bd17,59892d43-6f2f-46c8-b9d9-308764bc9778,Other,"Sending quality comments to Sara , Eman and Nassem",,2026-02-13,2026-02-13,done,3,2026-02-15 19:47:59.324096+00,2026-02-15 19:47:59.324096+00,,,,,,
b33cd5cb-3d09-43fe-87de-5c4b98c38409,6345052b-8082-42f6-af04-1e0bd9a21d5b,Other,"Create Sheet for Team 4J while they needed to reach for",https://docs.google.com/spreadsheets/d/1aGZESJCo2Wrt2gwju74fAbo__BhhFINflExae8jGHII/edit?usp=sharing,2026-02-15,2026-02-16,in_progress,2,2026-02-14 19:43:59.913129+00,2026-02-15 19:50:15.415835+00,,,,,,
067ca9e4-a6ca-4cd5-a45e-742fd03b8f4b,c894625b-5096-4856-b3ec-0d9a6abe772d,Other,responded to the tutors inquiries regarding their Quality comments sent,,2026-02-15,2026-02-15,done,3,2026-02-15 19:56:20.715822+00,2026-02-15 19:56:20.715822+00,,,,,,
10acded5-a0a8-4b06-8d63-d457943f62a2,57c183de-55fd-48d6-ab8d-09a138b0fd0b,Cover Session,"i informed by the session at time less than 25 mins and i was already has 4 slots Cover Sessions: 6:00 PM",,2026-02-15,2026-02-15,done,2,2026-02-15 20:04:19.950376+00,2026-02-15 20:04:19.950376+00,,,,,60
e93b270c-96bb-4ad9-86f9-9b2fda3f3e16,5585b896-3ea3-4908-8346-cbe6e16a092e,Cover Session,"S-343293 Cover Sessions: 7:30 PM",,2026-02-15,2026-02-15,done,3,2026-02-15 20:05:33.084408+00,2026-02-15 20:05:33.084408+00,,,,,60
415cd9ca-569e-4726-a9b5-f8074430a62f,5585b896-3ea3-4908-8346-cbe6e16a092e,Cover Session,"S-85804 Cover Sessions: 9:00 PM",,2026-02-15,2026-02-15,done,3,2026-02-15 20:05:58.210555+00,2026-02-15 20:05:58.210555+00,,,,,60
2a2eea09-f668-4b50-b681-42e99209ca42,5585b896-3ea3-4908-8346-cbe6e16a092e,Other,Supporting the team with needed materials.,,2026-02-15,2026-02-15,done,2,2026-02-15 20:06:42.412703+00,2026-02-15 20:06:42.412703+00,,,,,,
9d1ad6ec-c8d2-4f5c-b38e-53f8fc312dcc,11dd4b0c-9af0-4901-a65a-252d72623af0,Cover Session,"S-343287 Cover Sessions: 9:00 PM",,2026-02-15,2026-02-15,done,3,2026-02-15 20:18:30.849618+00,2026-02-15 20:18:30.849618+00,,,,,60
d98e84f0-7079-4e93-9d2a-a3fe0f662735,ebf46837-d9bd-46c5-ab0d-f264e608dd7a,Cover Session,"covers Cover Sessions: 4:30 PM, 7:30 PM, 9:00 PM",,2026-02-15,2026-02-15,done,2,2026-02-15 20:23:22.375146+00,2026-02-15 20:23:22.375146+00,,,,,180
e3f655d1-7f20-4357-93cf-aca323b0c4e2,ebf46837-d9bd-46c5-ab0d-f264e608dd7a,Other,validating cs case,,2026-02-15,2026-02-15,done,4,2026-02-15 20:24:49.294353+00,2026-02-15 20:24:59.096933+00,,,15:40,16:15,35
8804f400-dd38-4400-b512-6a5cf27ce390,ebf46837-d9bd-46c5-ab0d-f264e608dd7a,Other,supporting the team with inquiries,,2026-02-15,2026-02-15,done,2,2026-02-15 20:25:49.953465+00,2026-02-15 20:25:49.953465+00,,,,,,
570b27e6-674a-4040-90c4-778e1aa49322,0af709a7-115e-4c62-9863-c0c078daf370,Team Meeting,will discuss new updates,,2026-02-16,2026-02-16,done,2,2026-02-15 19:29:25.267819+00,2026-02-16 14:15:28.203571+00,,,,,,
da32f2d2-dc86-48e9-931b-294d09799df5,8a51fd39-3c02-44e5-a178-2f3aafc2e3e5,Other,working on a workshop to improve team 7 session quality,,2026-02-13,2026-02-28,in_progress,2,2026-02-15 20:49:09.433332+00,2026-02-15 20:49:09.433332+00,,,,,,
7730759d-6b56-4baa-9948-f337a51d9f8a,8a51fd39-3c02-44e5-a178-2f3aafc2e3e5,Other,finished phase 1 of the work shop (the main points of the first meeting),,2026-02-15,2026-02-15,done,2,2026-02-15 20:51:06.519591+00,2026-02-15 20:51:06.519591+00,,,,,,
6c6d2c0c-4286-4c89-805c-845919c84b35,d7c33a8a-1c83-4cc3-a1b9-72787c40d165,Team Meeting,"The meeting focused on reviewing recent updates and tracking the progress of ongoing tasks. Team members shared the status of their work, discussed key changes, and addressed any challenges. Action items and next steps were confirmed to ensure alignment and timely completion of deliverables.",,2026-02-15,2026-02-15,done,3,2026-02-15 22:12:45.624881+00,2026-02-15 22:12:45.624881+00,,,22:15,23:30,75
d21b27e6-b6df-47de-ab58-c51e1717bdfe,960005ff-dee1-4a44-8c11-33e13cb8ed4f,Session Review,عايزة اكمل اخر بنتين في التيم اراجع لهم سيشنز عشان اتابع الاداء,,2026-02-15,2026-02-15,done,2,2026-02-15 17:06:52.483364+00,2026-02-16 00:35:29.50304+00,,,18:00,20:30,150
e432ddfd-7df4-4690-a777-9fa734ca8629,960005ff-dee1-4a44-8c11-33e13cb8ed4f,One-to-One Meeting,سيشن من ال راجعتها ال tutor غلطانة كتير اوي كان لازم ميتيج الحقها عشان تصلح الاخطاء,,2026-02-15,2026-02-15,done,4,2026-02-16 00:37:56.732212+00,2026-02-16 00:37:56.732212+00,,,23:00,23:50,50
4f108b32-0c0e-41e5-840b-eb8eccfcaece,c1402d6f-183f-4afe-af13-6319784141e9,Cover Session,"cover 5 sessions Cover Sessions: 3:00 PM, 4:30 PM, 6:00 PM, 7:30 PM, 9:00 PM",,2026-02-15,2026-02-15,done,4,2026-02-16 02:58:56.648329+00,2026-02-16 02:58:56.648329+00,,,,,300
ee87af87-436e-4e47-9a84-a243b79abc9c,c1402d6f-183f-4afe-af13-6319784141e9,One-to-One Meeting,Evaluation meeting with Esraa Mohammed,,2026-02-16,2026-02-16,todo,3,2026-02-16 03:00:03.60863+00,2026-02-16 03:00:03.60863+00,,,14:00,14:30,30
a3ed554d-9b4f-44d0-9c18-3d06ae53783b,c1402d6f-183f-4afe-af13-6319784141e9,Other,submit quality comments in sheet,,2026-02-16,2026-02-16,todo,4,2026-02-16 03:01:09.211321+00,2026-02-16 03:01:09.211321+00,,,,,,
f068ab67-62f9-4d35-8c0c-17198d2959c8,c1402d6f-183f-4afe-af13-6319784141e9,One-to-One Meeting,support meeting with Enas Mohammed,,2026-02-15,2026-02-15,done,4,2026-02-16 03:02:53.003291+00,2026-02-16 03:02:53.003291+00,,,17:02,17:15,13
2c314a08-9966-4d50-b580-f0f89f7e9982,c1402d6f-183f-4afe-af13-6319784141e9,Team Meeting,workshop with team mentor Rehab,,2026-02-15,2026-02-15,done,2,2026-02-16 03:07:48.504525+00,2026-02-16 03:07:48.504525+00,,,,,,
f3b9e64b-4a77-46fb-964e-8fad22ef54fb,c3251261-cbc7-4bba-a6e8-17a947cf74ae,Cover Session,". Cover Sessions: 3:00 PM, 4:30 PM, 7:30 PM, 6:00 PM, 9:00 PM",,2026-02-15,2026-02-15,done,2,2026-02-16 10:28:41.22557+00,2026-02-16 10:28:41.22557+00,,,,,300
432d1f70-8d89-4ba3-9bf7-e327d40c2443,45620717-bd9b-45ba-8265-b85af82e7796,Cover Session,"out of team cover Cover Sessions: 4:30 PM, 7:30 PM, 9:00 PM Cover Sessions: 4:30 PM, 7:30 PM, 9:00 PM",,2026-02-15,2026-02-15,done,2,2026-02-16 10:40:07.522999+00,2026-02-16 10:40:07.522999+00,,,,,180
9745b1d2-cc45-4e55-ac68-1f3869db085a,c3251261-cbc7-4bba-a6e8-17a947cf74ae,Session Review,T-10865 student case,,2026-02-16,2026-02-16,done,2,2026-02-16 10:57:46.627198+00,2026-02-16 10:57:46.627198+00,,,,,,
824885d0-f5e6-47d4-a514-12431a443f44,8f645bd2-3df6-4487-ae7b-7c49d8f1d253,Other,"meeting with mentor mohmaed ashraf to discuss some ideas for ramdan challenge",,2026-02-16,2026-02-16,done,2,2026-02-16 11:11:07.792609+00,2026-02-16 11:56:05.573995+00,,,13:10,13:30,20
e8d11645-2d82-45e3-9a6d-5b6457230056,8bbfaf3e-70d2-46f4-8748-47e04282553d,Team Meeting,Mentors Meeting to discuss ramadan workshop plan,,2026-02-16,2026-02-16,done,2,2026-02-16 12:10:00.150888+00,2026-02-16 12:10:00.150888+00,,,13:35,14:00,25
71be2c9e-0421-49c0-94b0-92496fa4103a,ad80a2c7-9970-4a96-bd28-c781bc81d03f,One-to-One Meeting,EV meeting with walaa,,2026-02-16,2026-02-16,done,2,2026-02-16 12:21:28.153783+00,2026-02-16 12:21:28.153783+00,,,13:30,14:00,30
8f4b730a-dd6d-4549-bddf-86e531246d51,ad80a2c7-9970-4a96-bd28-c781bc81d03f,One-to-One Meeting,EV meeting with salma,,2026-02-16,2026-02-16,done,2,2026-02-16 12:22:32.128769+00,2026-02-16 12:22:32.128769+00,,,14:00,14:20,20
ef8f7d65-1495-4441-8df8-4c7e6727e118,ad80a2c7-9970-4a96-bd28-c781bc81d03f,Cover Session,"unction in Python Cover Sessions: 9:00 PM",,2026-02-15,2026-02-15,done,3,2026-02-16 12:23:48.18448+00,2026-02-16 12:23:48.18448+00,,,,,60
f8cfefea-5d61-4446-a74c-c8dfcfd7991a,50d594c1-ed15-4a67-ad13-d62a31ade2da,Study Plan,march,,2026-02-16,2026-02-20,todo,4,2026-02-16 12:59:12.105547+00,2026-02-16 12:59:12.105547+00,,,,,,
37f916b7-e3fb-44ef-84f4-bf6b74ff7d67,45620717-bd9b-45ba-8265-b85af82e7796,One-to-One Meeting,"Evaluation meeting with Nourhan Nourhan Mohamed Ahmed Mohamed T-4063",,2026-02-16,2026-02-16,done,2,2026-02-16 11:40:42.566678+00,2026-02-16 12:28:02.167339+00,,,13:30,14:00,30
fa999c81-3023-4b58-8cc1-8327f439df80,45620717-bd9b-45ba-8265-b85af82e7796,One-to-One Meeting,"Evaluation Meeting with Ibtihal Ibtihal Malik ELNasser Sayed Ahmed T-2340",,2026-02-16,2026-02-16,done,2,2026-02-16 11:41:48.417268+00,2026-02-16 12:28:17.345619+00,,,14:00,14:30,30
b2054201-a894-46cf-9f3b-ecf8928aabf8,188360e8-9c42-43db-b011-b10a443d51bd,Other,I attended workshop with Hager from team Sosanna,,2026-02-16,2026-02-16,done,2,2026-02-16 12:29:39.828474+00,2026-02-16 12:33:17.47697+00,,,,,,
41ce25f7-558b-4d52-9af2-b2864ba519ba,c0fc68a4-1170-4f8a-80f5-4ce7300dd458,One-to-One Meeting,"Evaluation meeting with Alaa Saber to help him solve bugs that caused the SC ticket. meeting points: 1. How to quickly give remote control to a student. 2. How to open the Code.org links on a student's device. 3. How to easily teach students to share their screen.",,2026-02-15,2026-02-20,done,2,2026-02-15 13:05:12.581273+00,2026-02-16 12:48:08.703296+00,,,14:30,14:50,20
824cb020-8c5a-4ce4-a21c-6d32988992ab,50d594c1-ed15-4a67-ad13-d62a31ade2da,Team Meeting,leave polices,https://zoom.us/j/93570236425,2026-02-16,2026-02-16,done,3,2026-02-16 12:54:17.580253+00,2026-02-16 12:54:17.580253+00,,,,,,
09f3f800-90e4-4e35-894a-dfea7e944943,50d594c1-ed15-4a67-ad13-d62a31ade2da,Other,Ramadan Competition,,2026-02-02,2026-03-18,in_progress,3,2026-02-16 12:55:44.826424+00,2026-02-16 12:55:44.826424+00,,,,,,
dd5b1a41-b5f1-42fe-be0a-6a027905a5e5,50d594c1-ed15-4a67-ad13-d62a31ade2da,Other,tutors track progress website,,2026-02-09,2026-03-10,in_progress,2,2026-02-16 12:57:02.550495+00,2026-02-16 12:57:02.550495+00,,,,,,
ddd0cc35-69aa-49ed-a3ca-dbd3510d00b4,2c0e48c9-68e1-4d57-ac89-12f394f2dd0b,Team Meeting,"This is our first team meeting to introduce ourselves, align on expectations, and discuss how we will collaborate as a team. We will also talk about current challenges and define our communication process moving forward.",,2026-02-14,2026-02-16,done,2,2026-02-16 12:57:33.129576+00,2026-02-16 12:57:33.129576+00,,,14:00,15:00,60
d9ca47a4-acd2-493d-84ac-829c5206288f,79c89dfb-eb95-4439-9640-625fa3ac3571,Other,CS cases,,2026-02-16,2026-02-16,done,2,2026-02-16 13:03:55.031144+00,2026-02-16 13:03:55.031144+00,,,14:03,14:16,13
c354d3ff-bc88-4ae4-9b26-87685050eaaf,960005ff-dee1-4a44-8c11-33e13cb8ed4f,Team Meeting,new policy and vision Board,,2026-02-16,2026-02-16,done,3,2026-02-16 13:03:57.217075+00,2026-02-16 13:03:57.217075+00,,,13:05,14:55,110
45971a38-08a9-4374-aa67-a3e8a0967388,c894625b-5096-4856-b3ec-0d9a6abe772d,Other,attend AI tools Workshop , invite my team to join it,,2026-02-16,2026-02-16,done,2,2026-02-16 13:09:51.118098+00,2026-02-16 13:09:51.118098+00,,,14:00,14:30,30
d075117c-4c09-4f60-bc1d-18bbd8c5a4d9,2da44565-25c0-4e68-b32e-80971ccd65de,Team Meeting,New policies discussion,,2026-02-16,2026-02-16,done,2,2026-02-16 05:21:31.628621+00,2026-02-16 13:25:50.657713+00,,,13:30,15:00,90
11dbfaeb-3e01-4899-acc4-fa172cb9e5f9,316e69c6-4baa-49c3-aec7-eef97b2756ee,One-to-One Meeting,Follow-up meeting with tutor Viola,,2026-02-16,2026-02-16,done,3,2026-02-16 13:58:06.193227+00,2026-02-16 13:58:06.193227+00,,,14:38,15:00,22
d3792efb-f118-4ff0-81e2-0a04d3a417ae,316e69c6-4baa-49c3-aec7-eef97b2756ee,One-to-One Meeting,Follow-up Meeting with Tutor Youssef,,2026-02-16,2026-02-16,done,3,2026-02-16 13:58:55.241294+00,2026-02-16 13:58:55.241294+00,,,15:30,16:00,30
013164b3-8069-48c4-b9ff-c839d279aade,0af709a7-115e-4c62-9863-c0c078daf370,Cover Session,"outside subteam Cover Sessions: 3:00 PM, 7:30 PM",,2026-02-16,2026-02-23,done,2,2026-02-16 14:16:02.185741+00,2026-02-16 14:16:02.185741+00,,,,,120
c0c0eb77-30c0-4971-a92a-5629203a5909,79c89dfb-eb95-4439-9640-625fa3ac3571,Cover Session,"this session was added to me 2:38 Cover Sessions: 3:00 PM",,2026-02-16,2026-02-16,done,2,2026-02-16 13:14:35.032252+00,2026-02-16 17:26:17.399165+00,,,,,,
935b0933-b3ef-4364-89ed-3479c268942d,188360e8-9c42-43db-b011-b10a443d51bd,Cover Session,"i have 4 cover sessions today Cover Sessions: 3:00 PM, 4:30 PM, 6:00 PM, 7:30 PM",,2026-02-16,2026-02-16,done,3,2026-02-16 11:37:45.825628+00,2026-02-16 19:06:17.571086+00,,,,,,
db0f1f8f-a0bd-42a0-9f8c-d3c72cb57a66,188360e8-9c42-43db-b011-b10a443d51bd,Study Plan,I will review study progress with team,,2026-02-16,2026-02-16,done,3,2026-02-16 12:33:54.006115+00,2026-02-16 19:45:08.378532+00,,,,,,
e8932526-2760-43fd-92f7-71bf0970506c,c0fc68a4-1170-4f8a-80f5-4ce7300dd458,Cover Session,"Cover 2 Sessions out of my team Cover Sessions: 3:00 PM, 9:00 PM Cover Sessions: 3:00 PM, 9:00 PM",,2026-02-16,2026-02-16,done,2,2026-02-16 12:49:43.311923+00,2026-02-16 20:18:08.847974+00,,,,,120
7a36afc0-196c-4a38-a821-c185e9f55541,c0fc68a4-1170-4f8a-80f5-4ce7300dd458,Check Flags,Check Team 04 Flags And Remind my teammate,,2026-02-16,2026-02-16,done,2,2026-02-16 12:49:11.318853+00,2026-02-16 20:18:09.551675+00,,,,,,
24bd170b-cd3d-4fb3-a5e3-e40ff64a389d,c0fc68a4-1170-4f8a-80f5-4ce7300dd458,Other,Check Team 04 CS Tickets,,2026-02-16,2026-02-16,done,2,2026-02-16 12:48:52.720904+00,2026-02-16 20:18:11.573279+00,,,,,,
54cf3126-61fe-4954-af02-3ef13c4cb42b,5585b896-3ea3-4908-8346-cbe6e16a092e,Cover Session,"S-86275 Cover Sessions: 3:00 PM",,2026-02-16,2026-02-16,done,3,2026-02-16 14:27:18.804502+00,2026-02-16 14:27:18.804502+00,,,,,60
a22f781c-6bd8-4925-914d-c225a58837b9,80b0c01a-eb23-47ed-945b-572314a36b39,Team Meeting,"Green Poins Vs Red points: Define ""Green Points"": Present and explain the positive, encouraged behaviors for the session. Define ""Red Points"": Present and explain the behaviors that are not allowed.",,2026-02-16,2026-02-16,done,2,2026-02-10 12:33:49.528588+00,2026-02-16 14:41:42.97976+00,,,,,,
5527c72c-7085-4bde-9836-8f1a1aa1cf1c,ebf46837-d9bd-46c5-ab0d-f264e608dd7a,Cover Session,"full day Cover Sessions: 4:30 PM, 7:30 PM, 3:00 PM, 6:00 PM, 9:00 PM",,2026-02-16,2026-02-16,in_progress,2,2026-02-16 14:57:09.336424+00,2026-02-16 14:57:09.336424+00,,,,,300
93cb66e2-47ee-448c-9ab0-d83714201399,5585b896-3ea3-4908-8346-cbe6e16a092e,Session Review,"T-12215 He finishes the content of the sessions fast so I wanted to review the session to tell him how to manage the session time to finish the content on time as he finished the sessions early from 20 to 30 minutes .",,2026-02-16,2026-02-16,done,3,2026-02-16 15:21:01.889741+00,2026-02-16 15:21:01.889741+00,,,16:30,17:15,45
8632348d-cef9-4ce8-9f75-ad92ddcaaa0d,ad80a2c7-9970-4a96-bd28-c781bc81d03f,Cover Session,"L5: Control Flow Statements Cover Sessions: 4:30 PM",,2026-02-16,2026-02-16,done,3,2026-02-16 15:42:25.881217+00,2026-02-16 15:42:25.881217+00,,,,,60
c58d0e6a-14e8-4b48-bfb7-cef5d8ce792e,ad80a2c7-9970-4a96-bd28-c781bc81d03f,Other,Help tutor in dashboard updates,,2026-02-16,2026-02-16,done,3,2026-02-16 15:43:50.722682+00,2026-02-16 15:43:50.722682+00,,,15:00,15:30,30
c741cb71-b5ae-40a0-bd71-b4078342b08b,316e69c6-4baa-49c3-aec7-eef97b2756ee,Cover Session,"Covering 3 sessions Cover Sessions: 4:30 PM, 7:30 PM, 9:00 PM",,2026-02-16,2026-02-16,done,3,2026-02-16 16:10:54.085028+00,2026-02-16 16:10:54.085028+00,,,,,180
8a2879a8-c2b7-4e9f-97e9-f3901e96a5dc,14626a70-e06d-4406-bdff-0ca0271f27c0,Cover Session,"2 sessions Cover Sessions: 3:00 PM, 7:30 PM",,2026-02-13,2026-02-13,done,2,2026-02-16 16:13:17.974705+00,2026-02-16 16:13:17.974705+00,,,,,120
926f66f1-91cc-4f25-8180-c074393c2d02,14626a70-e06d-4406-bdff-0ca0271f27c0,Other,prepared most of the material for the upcoming sub team meeting,,2026-02-13,2026-02-13,done,2,2026-02-16 16:14:10.568309+00,2026-02-16 16:14:43.604721+00,,,,,,
4f88d0c5-75c0-462e-a46b-81b1d1e5c603,14626a70-e06d-4406-bdff-0ca0271f27c0,Cover Session,"3 sessions Cover Sessions: 3:00 PM, 4:30 PM, 7:30 PM",,2026-02-14,2026-02-14,done,2,2026-02-16 16:16:13.768239+00,2026-02-16 16:16:13.768239+00,,,,,180
4504868d-7d0b-4474-a00f-e1778e0d3f7f,14626a70-e06d-4406-bdff-0ca0271f27c0,Other,Checking student cases and sending them for TL validation,,2026-02-14,2026-02-14,done,1,2026-02-16 16:17:18.203645+00,2026-02-16 16:17:18.203645+00,,,,,,
44a8bab9-706b-4e81-9603-8e56893ea1a4,14626a70-e06d-4406-bdff-0ca0271f27c0,Cover Session,"5 sessions Cover Sessions: 3:00 PM, 4:30 PM, 6:00 PM, 7:30 PM, 9:00 PM",,2026-02-15,2026-02-15,done,2,2026-02-16 16:17:46.071438+00,2026-02-16 16:17:46.071438+00,,,,,300
bf266bb6-3457-49ac-9942-793abcdf1736,14626a70-e06d-4406-bdff-0ca0271f27c0,Session Review,Reviewing a cs case for T-7033,,2026-02-14,2026-02-14,done,4,2026-02-16 16:16:39.728496+00,2026-02-16 16:18:20.604356+00,,,,,,
0d80f351-4c47-4c75-9d00-ade9ce75a0d4,316e69c6-4baa-49c3-aec7-eef97b2756ee,One-to-One Meeting,Follow-up Meeting with tutor Fatma,,2026-02-16,2026-02-16,done,3,2026-02-16 16:26:52.072479+00,2026-02-16 16:26:52.072479+00,,,18:12,18:26,14
297b200d-a307-413a-895b-a23d3bc5123c,45620717-bd9b-45ba-8265-b85af82e7796,Cover Session,"in and out of the team Cover Sessions: 4:30 PM, 9:00 PM",,2026-02-16,2026-02-16,done,2,2026-02-16 16:44:26.923212+00,2026-02-16 16:44:26.923212+00,,,,,120
e5461a68-ace1-476a-bc6b-5738b03d709d,45620717-bd9b-45ba-8265-b85af82e7796,Other,Assist tutor Ibtihal,,2026-02-16,2026-02-16,done,2,2026-02-16 16:45:14.897981+00,2026-02-16 16:45:14.897981+00,,,,,,
4d161afc-8b6f-493c-9d85-a178ea67b5af,45620717-bd9b-45ba-8265-b85af82e7796,Other,tracking the issues in the new ui with the tutors,,2026-02-16,2026-02-16,done,2,2026-02-16 16:46:12.797465+00,2026-02-16 16:46:12.797465+00,,,,,,
71285d15-8dc1-4591-a18b-c50b7e8a1136,0ecf324e-ffdf-4215-ad89-fc52bf3228bc,Team Meeting,"1- Leaves 2- New dashboard 3-issues 4-no show",,2026-02-16,2026-02-16,done,2,2026-02-16 17:01:18.648192+00,2026-02-16 17:01:29.701304+00,,,14:00,14:30,30
a126ae49-a487-4ac0-b1ee-73a962e8b0d5,5f193202-62b8-4a1a-96c2-8599bfd076ca,Cover Session,"Full day cover session Cover Sessions: 3:00 PM, 6:00 PM, 9:00 PM, 4:30 PM, 7:30 PM",,2026-02-14,2026-02-14,done,3,2026-02-16 17:21:11.575258+00,2026-02-16 17:21:11.575258+00,,,,,300
6c82b59f-4d64-41d5-b32a-bdb90dfddbfe,5f193202-62b8-4a1a-96c2-8599bfd076ca,Cover Session,"3 cover sessions Cover Sessions: 3:00 PM, 7:30 PM, 9:00 PM",,2026-02-15,2026-02-15,done,3,2026-02-16 17:22:25.911052+00,2026-02-16 17:22:25.911052+00,,,,,180
24fce40e-d948-43ca-88ca-b6edc16b965f,59892d43-6f2f-46c8-b9d9-308764bc9778,One-to-One Meeting,Evaluation meeting with Eman Morsi,,2026-02-16,2026-02-16,done,2,2026-02-16 17:24:06.117977+00,2026-02-16 17:24:06.117977+00,,,,,,
f7011409-d5f5-455a-bbc1-57da99552af6,59892d43-6f2f-46c8-b9d9-308764bc9778,One-to-One Meeting,Evaluation meeting with Sara Abozeed,,2026-02-16,2026-02-16,done,2,2026-02-16 17:24:35.458593+00,2026-02-16 17:24:35.458593+00,,,,,,
0c2bea9c-a2f0-4e7d-97f8-57ad31c4672e,59892d43-6f2f-46c8-b9d9-308764bc9778,Cover Session,"covering 2 sessions Cover Sessions: 3:00 PM, 6:00 PM",,2026-02-16,2026-02-16,done,3,2026-02-16 17:24:57.979771+00,2026-02-16 17:24:57.979771+00,,,,,120
0fb5b76e-2e13-4f64-9c06-5e487f9be374,8bbfaf3e-70d2-46f4-8748-47e04282553d,Cover Session,"covering sessions Cover Sessions: 3:00 PM, 6:00 PM, 7:30 PM, 9:00 PM",,2026-02-16,2026-02-16,archived,2,2026-02-16 12:12:15.746052+00,2026-02-16 17:25:37.141455+00,,,,,240
88033ed3-1c5d-4eed-9b18-2152b6f7eea5,8bbfaf3e-70d2-46f4-8748-47e04282553d,Cover Session,"Covering Sessions Cover Sessions: 3:00 PM, 4:30 PM, 7:30 PM, 6:00 PM, 9:00 PM",,2026-02-16,2026-02-16,done,2,2026-02-16 17:26:23.210967+00,2026-02-16 17:26:23.210967+00,,,,,300
ced6ea4c-8440-4f0c-884b-d9686d52413f,d0d27ad1-ba4e-4495-9c6d-8015746961fc,Cover Session,"Cover Cover Sessions: 3:00 PM",,2026-02-16,2026-02-16,done,2,2026-02-16 17:28:56.734724+00,2026-02-16 17:28:56.734724+00,,,,,60
2aec42e2-9c58-45f1-bfce-b339eca33628,d0d27ad1-ba4e-4495-9c6d-8015746961fc,Cover Session,"Cover Cover Sessions: 4:30 PM",,2026-02-16,2026-02-16,done,2,2026-02-16 17:29:09.98037+00,2026-02-16 17:29:09.98037+00,,,,,60
fd492ade-e893-42ae-ab93-98612e8c069d,d0d27ad1-ba4e-4495-9c6d-8015746961fc,Cover Session,"Cover Cover Sessions: 6:00 PM",,2026-02-16,2026-02-16,done,2,2026-02-16 17:29:19.973699+00,2026-02-16 17:29:19.973699+00,,,,,60
8e97b639-2939-4082-8034-959446024cab,11dd4b0c-9af0-4901-a65a-252d72623af0,Cover Session,"S-D1521 Cover Sessions: 3:00 PM",,2026-02-16,2026-02-16,done,3,2026-02-16 17:35:48.717557+00,2026-02-16 17:35:48.717557+00,,,,,60
8419f319-139b-49c6-abfe-d9db8d755eb9,11dd4b0c-9af0-4901-a65a-252d72623af0,Team Meeting,Sub team meeting to follow up and discuss the new changes in the dashboard and collect feedback.,https://zoom.us/rec/share/M5VVPs0sRGGwOAfnIAS65IrO4RAC13vbFvMeGTUZo_7c8F6ySVDDbJkGwCuhLPEm.K0cCDuLejVs276wd,2026-02-16,2026-02-16,done,2,2026-02-16 17:42:23.821918+00,2026-02-16 18:19:37.41248+00,,,14:00,14:45,45
c99f53f5-d3eb-4288-80f4-5ea871ef2bee,c894625b-5096-4856-b3ec-0d9a6abe772d,Other,Sending Material and respond to tutors,,2026-02-16,2026-02-16,in_progress,3,2026-02-16 18:26:54.730477+00,2026-02-16 18:26:54.730477+00,,,,,,
5dc789c5-0eb8-451c-8d1b-f1a53e635e5e,11dd4b0c-9af0-4901-a65a-252d72623af0,Cover Session,"S-245408 Cover Sessions: 7:30 PM",,2026-02-16,2026-02-16,done,3,2026-02-16 17:36:19.888073+00,2026-02-16 18:28:23.050597+00,,,,,,
0814c494-c433-4a10-a832-3fea2d072938,d0d27ad1-ba4e-4495-9c6d-8015746961fc,Cover Session,"Cover Cover Sessions: 7:30 PM",,2026-02-16,2026-02-16,done,2,2026-02-16 17:29:36.152767+00,2026-02-16 18:28:31.664619+00,,,,,60
9651e711-7a78-4777-a443-87e3b8cdde3c,d0d27ad1-ba4e-4495-9c6d-8015746961fc,Cover Session,"Cover Cover Sessions: 9:00 PM",,2026-02-16,2026-02-16,in_progress,2,2026-02-16 17:29:47.366167+00,2026-02-16 18:28:34.657245+00,,,,,60
95f75baa-c155-4da1-83b3-4d55ce5f8bbe,cea54012-b4d5-4643-8164-2e220e64ddf7,Other,4th Training for batch 118 at 2:00 PM,,2026-02-16,2026-02-16,done,3,2026-02-16 18:45:02.703311+00,2026-02-16 18:45:02.703311+00,,,14:00,16:00,120
d953450b-73c9-478f-8937-5be7eebd4276,cea54012-b4d5-4643-8164-2e220e64ddf7,Other,Checking leaves onthe  system,,2026-02-16,2026-02-16,done,4,2026-02-16 18:45:26.104353+00,2026-02-16 18:45:26.104353+00,,,,,,
ced54d5d-5d5a-433a-b3fd-9aa7a7443def,cea54012-b4d5-4643-8164-2e220e64ddf7,Other,No-show validation,,2026-02-16,2026-02-16,done,4,2026-02-16 18:45:44.744556+00,2026-02-16 18:45:44.744556+00,,,,,,
cfceb345-acbf-436c-8cf8-60224cbf6e3a,cea54012-b4d5-4643-8164-2e220e64ddf7,Other,CS Cases,,2026-02-16,2026-02-16,done,4,2026-02-16 18:46:01.397056+00,2026-02-16 18:46:01.397056+00,,,,,,
3bfa1739-bc99-4890-bbf2-9a8bc2a85fbb,cea54012-b4d5-4643-8164-2e220e64ddf7,Other,Checking on tutors' moderation channels to make sure that they are using the new moderation support on the dashboard,,2026-02-16,2026-02-16,done,2,2026-02-16 18:46:49.164884+00,2026-02-16 18:46:49.164884+00,,,,,,
05724927-8d73-465b-b731-bfdfd9e4c68b,11dd4b0c-9af0-4901-a65a-252d72623af0,Cover Session,"S-346000 Cover Sessions: 9:00 PM",,2026-02-16,2026-02-16,done,3,2026-02-16 17:38:15.194751+00,2026-02-16 20:14:34.081236+00,,,,,,
0a4daba6-4207-4679-949d-5e4420728dec,5f193202-62b8-4a1a-96c2-8599bfd076ca,Cover Session,"4 cover sessions Cover Sessions: 3:00 PM, 4:30 PM, 7:30 PM, 9:00 PM",,2026-02-16,2026-02-16,done,3,2026-02-16 17:23:24.297236+00,2026-02-17 07:22:18.076617+00,,,,,240
cae56f76-0bc5-44c1-a441-7378e0bb1570,d7c33a8a-1c83-4cc3-a1b9-72787c40d165,Cover Session,"Not in my subteam Cover Sessions: 3:00 PM, 4:30 PM, 6:00 PM, 7:30 PM, 9:00 PM",,2026-02-16,2026-02-16,done,4,2026-02-16 14:40:08.536715+00,2026-02-17 14:42:32.424363+00,,,,,300
de87adc8-4cac-4d02-87fd-f2b84bd1b932,cea54012-b4d5-4643-8164-2e220e64ddf7,Other,Selecting and gathering information about the top tutors in Team 7 to celebrate them in Ramadan,,2026-02-16,2026-02-16,done,4,2026-02-16 18:47:36.536399+00,2026-02-16 18:47:36.536399+00,,,,,,
c070fabe-7be3-4984-a90c-9b7178363699,cea54012-b4d5-4643-8164-2e220e64ddf7,Other,Getting the session's links for mentors so they can validate team 7 flags,,2026-02-16,2026-02-16,done,3,2026-02-16 18:48:37.102191+00,2026-02-16 18:48:37.102191+00,,,,,,
5f033527-1e06-4e97-8501-cde9a07a0461,cea54012-b4d5-4643-8164-2e220e64ddf7,Other,Sending the study needs to teamleaders and team 7 to prebare march study plan,,2026-02-16,2026-02-16,done,3,2026-02-16 18:49:41.082135+00,2026-02-16 18:49:41.082135+00,,,,,,
ddd838bf-ceb8-4e28-a12e-e24a0656d89e,97d1ff5c-bd83-4687-8276-fa161cefaba0,Cover Session,"Cover 3 sessions Cover Sessions: 3:00 PM, 7:30 PM, 9:00 PM",,2026-02-16,2026-02-16,done,2,2026-02-16 19:26:19.804586+00,2026-02-16 19:26:19.804586+00,,,,,180
e21f39b8-174d-4b4f-9ef1-34f8e65a54c1,0af709a7-115e-4c62-9863-c0c078daf370,Cover Session,"outside subteam Cover Sessions: 9:00 PM",,2026-02-16,2026-02-16,done,2,2026-02-16 19:27:29.527562+00,2026-02-16 19:27:29.527562+00,,,,,60
93966564-33cd-48e7-8568-7ff522abcf79,57c183de-55fd-48d6-ab8d-09a138b0fd0b,Study Plan,i made the study plane for march,,2026-02-15,2026-02-15,done,2,2026-02-16 19:30:07.402741+00,2026-02-16 19:30:07.402741+00,,,,,,
b528ef49-71c5-47fe-a012-8eaef144e0ed,10dddfcd-487c-4fdf-b1df-19952e29a06a,Cover Session,"2 sessions Cover Sessions: 3:00 PM, 9:00 PM",,2026-02-16,2026-02-16,done,2,2026-02-16 19:52:23.766786+00,2026-02-16 19:52:23.766786+00,,,,,120
976b3d5f-3122-444f-954f-4099fd990d54,11dd4b0c-9af0-4901-a65a-252d72623af0,Other,Supporting the team with the needed material and answering their inquiries,,2026-02-16,2026-02-16,done,2,2026-02-16 17:38:57.665472+00,2026-02-16 20:11:38.784549+00,,,14:00,22:00,480
a4dc62f6-c2a9-46df-9c58-973f6abe1f4d,76ecf920-90de-4686-858e-19a6cefcd4fb,Check Flags,"checking flags FLG-Feb-45 FLG-Feb-59 FLG-Feb-60",,2026-02-16,2026-02-17,in_progress,2,2026-02-16 20:11:41.108586+00,2026-02-16 20:11:41.108586+00,,,,,,
2d58f919-c431-4faa-bdf3-2313143017eb,c3251261-cbc7-4bba-a6e8-17a947cf74ae,Cover Session,". Cover Sessions: 3:00 PM, 4:30 PM, 7:30 PM, 9:00 PM",,2026-02-16,2026-02-16,done,2,2026-02-16 20:17:57.616237+00,2026-02-16 20:17:57.616237+00,,,,,240
19401fcb-3ec0-43ca-9172-e66e011d1378,c3251261-cbc7-4bba-a6e8-17a947cf74ae,Other,planning a team workshop,,2026-02-16,2026-02-17,in_progress,2,2026-02-16 20:19:30.114793+00,2026-02-16 20:19:30.114793+00,,,,,,
3a05cef4-4d2f-4f48-ab51-ae848dca996a,6345052b-8082-42f6-af04-1e0bd9a21d5b,Other,"Create task for Basmalla and Nada how can they make template for community from google docs",,2026-02-20,2026-02-22,todo,2,2026-02-16 19:48:48.017615+00,2026-02-16 20:39:34.61771+00,,,,,,
45ba7c6d-0272-48f1-bc41-ea7b4b0e0767,316e69c6-4baa-49c3-aec7-eef97b2756ee,One-to-One Meeting,Follow-up Meeting with Tutor Taghreed,,2026-02-17,2026-02-17,done,3,2026-02-17 12:45:58.353672+00,2026-02-17 12:45:58.353672+00,,,14:01,14:45,44
1ef145b5-c7ab-4a12-9224-d52147d6baca,5585b896-3ea3-4908-8346-cbe6e16a092e,Other,Supporting team with needed materials,,2026-02-16,2026-02-16,done,2,2026-02-16 21:07:12.820196+00,2026-02-16 21:07:12.820196+00,,,,,,
c16eceda-876c-402a-a050-0930b8af4f0b,5585b896-3ea3-4908-8346-cbe6e16a092e,Cover Session,"S-346782 Cover Sessions: 9:00 PM",,2026-02-16,2026-02-16,done,3,2026-02-16 21:06:02.492305+00,2026-02-16 21:08:07.31098+00,,,21:00,22:00,60
a0141c93-d4a1-490f-9a63-6bbc1ddc3106,5585b896-3ea3-4908-8346-cbe6e16a092e,Cover Session,"S-D4164 Cover Sessions: 7:30 PM",,2026-02-16,2026-02-16,done,3,2026-02-16 21:05:40.953713+00,2026-02-16 21:08:29.764107+00,,,,,,
7364dee1-edac-4592-8fd1-c91048b6314d,52262890-c566-4bb3-b1b3-9ae52851f182,Cover Session,"cover 4 sessions Cover Sessions: 3:00 PM, 4:30 PM, 6:00 PM, 9:00 PM",,2026-02-16,2026-02-16,done,2,2026-02-16 21:32:05.609739+00,2026-02-16 21:32:05.609739+00,,,,,240
7afde26d-5bc7-4921-a987-59843be59c38,52262890-c566-4bb3-b1b3-9ae52851f182,Team Meeting,meeting with mentors,,2026-02-16,2026-02-16,done,2,2026-02-16 21:32:45.104805+00,2026-02-16 21:32:45.104805+00,,,13:30,,
415ccf51-1bb5-4e53-b8c1-8c605c341281,52262890-c566-4bb3-b1b3-9ae52851f182,Other,attend team 4b worshop,,2026-02-16,2026-02-16,done,2,2026-02-16 21:33:14.10112+00,2026-02-16 21:33:14.10112+00,,,,,,
cf88c2bf-0e2a-4080-b7a7-20c2ee51bf2c,52262890-c566-4bb3-b1b3-9ae52851f182,One-to-One Meeting,meeting with basma badr,https://zoom.us/j/7298478666,2026-02-16,2026-02-16,done,2,2026-02-16 21:34:09.898422+00,2026-02-16 21:34:09.898422+00,,,,,,
6127a1a5-0c21-47bf-88c3-d7dba14a98ba,52262890-c566-4bb3-b1b3-9ae52851f182,Other,make activity to my team Monday Challenge – Student Character Day,,2026-02-16,2026-02-16,done,2,2026-02-16 21:35:43.439828+00,2026-02-16 21:35:43.439828+00,,,,,,
a0f7efab-0fa3-4189-a9a4-ef7225ead6ff,52262890-c566-4bb3-b1b3-9ae52851f182,Other,support and report about dashboard issue (basma and reem),,2026-02-16,2026-02-16,done,2,2026-02-16 21:36:52.710559+00,2026-02-16 21:36:52.710559+00,,,,,,
b6c222b6-49bc-4869-8a32-960eedaefe01,52262890-c566-4bb3-b1b3-9ae52851f182,Other,support ahmed gamal how to dell with student S-22463 and write feedback and report about issue,,2026-02-16,2026-02-16,done,2,2026-02-16 21:38:28.023161+00,2026-02-16 21:38:28.023161+00,,,,,,
7eacf39e-cc56-4662-9d5d-a311a6f64dad,76ecf920-90de-4686-858e-19a6cefcd4fb,Other,CS case 193034,,2026-02-17,2026-02-17,done,2,2026-02-16 23:14:46.550264+00,2026-02-16 23:15:05.869842+00,,,,,,
a9dbaedf-2027-4cf7-8a90-55d230cadad5,9cb6ee20-8a67-43db-8798-608ba59f658b,One-to-One Meeting,evaluation meeting with subesta,,2026-02-16,2026-02-16,done,3,2026-02-17 01:52:14.826182+00,2026-02-17 01:52:14.826182+00,,,14:00,14:50,50
5f64e665-cf8a-4e80-a4e0-54e4b57e05e3,9cb6ee20-8a67-43db-8798-608ba59f658b,One-to-One Meeting,meeting with aya to help her how to explain session 10 m2 g7,,2026-02-16,2026-02-16,done,2,2026-02-17 01:53:23.210556+00,2026-02-17 01:53:23.210556+00,,,18:20,19:10,50
b9efc671-47c8-413a-bcbd-94a0aa62682f,9cb6ee20-8a67-43db-8798-608ba59f658b,Session Review,review mina's session for student S-329324  to check if she need to upgrade the module or not,,2026-02-16,2026-02-16,done,2,2026-02-17 01:55:45.374202+00,2026-02-17 01:55:45.374202+00,,,16:30,17:30,60
3a629f42-fb0e-4127-9309-eb75d2aac150,9cb6ee20-8a67-43db-8798-608ba59f658b,Session Review,review mina's session for students(S-86193,S-283765) to check the quality,,2026-02-16,2026-02-16,done,3,2026-02-17 01:57:06.800024+00,2026-02-17 01:57:06.800024+00,,,20:00,22:00,120
118dfbf8-9b20-4e6b-bea4-bf58462105d1,9cb6ee20-8a67-43db-8798-608ba59f658b,Check Flags,check flags,,2026-02-16,2026-02-16,done,2,2026-02-17 02:48:19.641552+00,2026-02-17 02:48:19.641552+00,,,15:00,15:10,10
8e3ea1a7-a54a-488f-85a7-bbd28d676436,5f193202-62b8-4a1a-96c2-8599bfd076ca,Cover Session,"Full day cover session Cover Sessions: 3:00 PM, 6:00 PM, 9:00 PM, 4:30 PM, 7:30 PM",,2026-02-17,2026-02-17,todo,3,2026-02-17 07:23:53.458838+00,2026-02-17 07:23:53.458838+00,,,,,300
15dc3e69-def3-4fda-a494-5f46da022081,5f193202-62b8-4a1a-96c2-8599bfd076ca,Other,Revising Medical Cards issues for the team,,2026-02-17,2026-02-17,todo,3,2026-02-17 07:25:07.354823+00,2026-02-17 07:25:07.354823+00,,,,,,
2c15c501-4627-497b-be85-f7a720c0c753,188360e8-9c42-43db-b011-b10a443d51bd,Session Review,i will review session for tutor from my team, to discuss the issue which came from girl during session,,2026-02-17,2026-02-17,todo,2,2026-02-17 11:08:07.530737+00,2026-02-17 11:08:07.530737+00,,,,,,
b444738d-d422-4dd6-9b84-2b615eece9d8,c0fc68a4-1170-4f8a-80f5-4ce7300dd458,Team Meeting,Weekly team meeting,,2026-02-17,2026-02-17,done,2,2026-02-16 20:18:39.390439+00,2026-02-17 12:36:47.931039+00,,,,,,
520cf045-b65c-455e-9940-bb5ac3efac10,8f645bd2-3df6-4487-ae7b-7c49d8f1d253,Cover Session,"cover sessions full day Cover Sessions: 3:00 PM, 6:00 PM, 9:00 PM, 4:30 PM, 7:30 PM",,2026-02-17,2026-02-17,todo,2,2026-02-17 12:36:49.533711+00,2026-02-17 12:36:49.533711+00,,,,,300
3a05fef4-d5b2-4e69-8ce8-4911db60a44b,188360e8-9c42-43db-b011-b10a443d51bd,Team Meeting,i had weekly meeting today with team,,2026-02-17,2026-02-17,done,3,2026-02-17 11:06:39.481238+00,2026-02-17 12:55:15.752489+00,,,14:00,14:45,45
7ac2d39a-da0d-44ab-b713-089fa0d4c459,52262890-c566-4bb3-b1b3-9ae52851f182,Team Meeting,weekly meeting,,2026-02-17,2026-02-17,done,2,2026-02-17 10:06:15.794098+00,2026-02-17 12:58:12.328807+00,,,,,,
1cadb878-360b-4312-a0d2-18d1dfa53b3d,52262890-c566-4bb3-b1b3-9ae52851f182,Cover Session,"5 sessions Cover Sessions: 3:00 PM, 4:30 PM, 6:00 PM, 7:30 PM, 9:00 PM",,2026-02-17,2026-02-17,done,2,2026-02-17 12:58:42.016057+00,2026-02-17 12:58:42.016057+00,,,,,300
782271a9-99be-4069-a077-7830812fdcb2,8bbfaf3e-70d2-46f4-8748-47e04282553d,Team Meeting,Sub team meeting,,2026-02-17,2026-02-17,done,2,2026-02-17 10:49:25.196208+00,2026-02-17 13:02:13.930018+00,,,14:00,14:30,30
e597d7d5-2e39-476e-906b-5991a63efa1f,2da44565-25c0-4e68-b32e-80971ccd65de,Other,slack shift,,2026-02-17,2026-02-17,todo,2,2026-02-17 13:12:51.516143+00,2026-02-17 13:12:51.516143+00,,,,,,
6ead0ba0-a579-4d0b-8bd3-ce71ddf62b1e,79c89dfb-eb95-4439-9640-625fa3ac3571,Team Meeting,Team 7 meeeting lead by the TL kareem,,2026-02-17,2026-02-17,done,3,2026-02-17 12:49:52.343354+00,2026-02-17 13:35:42.955101+00,,,14:00,15:00,60
cff2ccd9-4381-47ee-b028-524eb7077f35,316e69c6-4baa-49c3-aec7-eef97b2756ee,Other,"Create a task for team-10-g. The task is related to UI/UX M1&2 for helping tutors to create a task and engage with each other. And I give them a deadline for this task for next Tuesday.",,2026-02-17,2026-02-17,done,3,2026-02-17 13:48:11.872347+00,2026-02-17 13:48:11.872347+00,,,15:00,15:47,47
d998679b-ec50-46c6-a328-0fe53fae84a5,0ecf324e-ffdf-4215-ad89-fc52bf3228bc,Other,"تم تبليغ التيم بموضوع الMedical card وبعت للي طلعلهم كارت التأمين البيانات بتاعتهم واكدا ع الكل ان اخره يوم الجمعة",,2026-02-17,2026-02-17,done,2,2026-02-17 14:20:19.471151+00,2026-02-17 14:20:19.471151+00,,,,,,
39cd8d5b-199e-43a5-b948-40c70cc2e2a3,0ecf324e-ffdf-4215-ad89-fc52bf3228bc,Other,Slack shift,,2026-02-17,2026-02-17,todo,3,2026-02-17 14:21:51.498698+00,2026-02-17 14:21:51.498698+00,,,18:00,20:00,120
0f4421f8-66f2-4ad3-a768-1dc331928739,a787a952-1878-47d9-b6b5-b28fcda71c53,One-to-One Meeting,Basel evaluation meeting,,2026-02-17,2026-02-17,done,2,2026-02-17 09:08:00.82007+00,2026-02-17 14:22:12.606704+00,,,14:00,14:30,30
a8aa3533-a0c9-461d-a040-538f9bf1fb16,a787a952-1878-47d9-b6b5-b28fcda71c53,Other,check CS tickets,,2026-02-17,2026-02-17,todo,3,2026-02-17 14:27:14.90193+00,2026-02-17 14:27:14.90193+00,,,16:30,16:45,15
6e91ef27-36db-4537-afcd-2fbd486c1796,2037f361-3570-4946-9b8d-e7d24189b59e,Other,complete CS tickets ,,2026-02-17,2026-02-17,todo,3,2026-02-17 14:29:06.128894+00,2026-02-17 14:29:06.128894+00,a787a952-1878-47d9-b6b5-b28fcda71c53,a787a952-1878-47d9-b6b5-b28fcda71c53,16:30,,
42454303-20de-49ee-ac4d-70c19b0b4e74,45620717-bd9b-45ba-8265-b85af82e7796,Team Meeting,February Team Meeting,,2026-02-17,2026-02-17,done,2,2026-02-17 14:34:55.442382+00,2026-02-17 14:35:02.047482+00,,,13:00,14:00,60
bf515c06-ee2e-4a97-996e-fee70fd40010,6345052b-8082-42f6-af04-1e0bd9a21d5b,Study Plan,create design for tutors who finishes study plan,,2026-02-17,2026-02-20,in_progress,2,2026-02-17 14:37:00.220658+00,2026-02-17 14:37:00.220658+00,,,,,,
045fcc4e-e312-4fe9-bfd8-6cd9cbcfbbeb,d7c33a8a-1c83-4cc3-a1b9-72787c40d165,Cover Session,"Not in my subteam Cover Sessions: 3:00 PM, 4:30 PM, 6:00 PM, 7:30 PM, 9:00 PM",,2026-02-17,2026-02-17,in_progress,3,2026-02-17 14:42:22.993912+00,2026-02-17 14:42:33.552798+00,,,,,300
11c274d5-166f-42dc-bc13-ce9122909889,6345052b-8082-42f6-af04-1e0bd9a21d5b,Session Review,"T-11388 S-371073 STUDENT CASE :NEEDED TO BE DOWNGRADE SOLUTION : after reviewing session and took meeting with tutor discussing about solutions https://zoom.us/rec/share/DbJGtWtTpa3QNLSlVfWIpNdPLz-oIvbJcpqeOng4z7Tj2cbWqdY7QW0y0xS7-u8U.stKXt14-rr1OAdro Passcode: Jx8#c^VZ",https://zoom.us/rec/share/DbJGtWtTpa3QNLSlVfWIpNdPLz-oIvbJcpqeOng4z7Tj2cbWqdY7QW0y0xS7-u8U.stKXt14-rr1OAdro,2026-02-16,2026-02-17,done,2,2026-02-16 13:56:00.792379+00,2026-02-17 14:44:49.183742+00,,,,,,
d54b0d4f-e2bb-416f-87aa-f2bc0c02bd18,6345052b-8082-42f6-af04-1e0bd9a21d5b,Team Meeting,"any questions or blockers facing and feedbacks Meeting was about : -Taking feedback about dashboard/slides as announcing them to work on it not the prev dashboard -Announcement about medical card and ensuring the new policy and there was questions for it -Discussing about student cases and situations that needed to be resolved as asking them for sending ID of student -Discussing about each tutor making reminder during ramadan , 2 tutors in a week - Ensuring the upcoming meeting https://zoom.us/rec/share/x1d5UHiIeUnYAmeBFSSnkzqFyIkqPNdEXv-qlbiDkHspdfn7OSFZN0Dj81539jvt.OmgAdvOSKE2UeEnt Passcode: 2=JV0#72",https://zoom.us/rec/share/x1d5UHiIeUnYAmeBFSSnkzqFyIkqPNdEXv-qlbiDkHspdfn7OSFZN0Dj81539jvt.OmgAdvOSKE2UeEnt,2026-02-17,2026-02-17,done,2,2026-02-16 17:24:23.852069+00,2026-02-17 14:52:44.492361+00,,,14:00,15:00,60